"PHASE","PTID","RID","VISCODE","GENOTYPE","APTESTDT","APVOLUME","APRECEIVE","APAMBTEMP","APRESAMP","APUSABLE","ID","SITEID","USERDATE","USERDATE2","update_stamp"
"ADNI1","011_S_0003","3","sc","3/4","2005-08-22","10.0","1","1","0","1","6","107","2005-08-23","","2005-08-23 00:00:00.0"
"ADNI1","011_S_0005","5","sc","3/3","2005-08-29","10.0","1","1","0","1","10","107","2005-08-29","","2005-08-29 00:00:00.0"
"ADNI1","011_S_0008","8","sc","2/3","2005-09-05","10.0","1","1","0","1","16","107","2005-09-06","","2005-09-06 00:00:00.0"
"ADNI1","022_S_0014","14","sc","3/3","2005-09-19","7.2","1","1","0","1","20","10","2005-09-21","","2005-09-21 00:00:00.0"
"ADNI1","011_S_0016","16","sc","3/4","2005-09-19","9.5","1","1","0","1","22","107","2005-09-21","","2005-09-21 00:00:00.0"
"ADNI1","067_S_0019","19","sc","2/3","2005-10-03","10.0","0","1","0","1","32","32","2005-10-05","","2005-10-05 00:00:00.0"
"ADNI1","011_S_0022","22","sc","3/4","2005-10-03","10.0","1","1","0","1","36","107","2005-10-05","","2005-10-05 00:00:00.0"
"ADNI1","067_S_0029","29","sc","3/4","2005-10-10","9.5","0","1","0","1","48","32","2005-10-10","","2005-10-10 00:00:00.0"
"ADNI1","023_S_0031","31","sc","3/3","2005-10-10","10.0","1","1","0","1","50","11","2005-10-10","","2005-10-10 00:00:00.0"
"ADNI1","100_S_0035","35","sc","3/3","2005-10-24","8.5","1","1","0","1","60","4","2005-10-25","","2005-10-25 00:00:00.0"
"ADNI1","099_S_0040","40","sc","3/3","2005-10-24","9.0","0","1","0","1","64","45","2005-10-25","","2005-10-25 00:00:00.0"
"ADNI1","023_S_0042","42","sc","3/3","2005-10-24","9.5","1","1","0","1","68","11","2005-10-25","","2005-10-25 00:00:00.0"
"ADNI1","011_S_0023","23","sc","3/3","2005-10-24","9.5","0","1","0","1","74","107","2005-10-25","","2005-10-25 00:00:00.0"
"ADNI1","018_S_0043","43","sc","2/3","2005-10-24","8.0","1","1","0","1","76","3","2005-10-25","","2005-10-25 00:00:00.0"
"ADNI1","011_S_0010","10","sc","3/4","2005-10-31","9.0","1","1","0","1","82","107","2005-11-01","","2005-11-01 00:00:00.0"
"ADNI1","067_S_0056","56","sc","2/3","2005-10-31","10.0","1","1","0","1","84","32","2005-11-07","","2005-11-07 00:00:00.0"
"ADNI1","099_S_0051","51","sc","4/4","2005-11-07","8.5","1","1","0","1","86","45","2005-11-08","","2005-11-08 00:00:00.0"
"ADNI1","018_S_0055","55","sc","3/3","2005-12-12","10.0","1","1","0","1","100","3","2005-11-08","","2005-11-08 00:00:00.0"
"ADNI1","100_S_0047","47","sc","2/3","2005-11-14","10.0","1","1","0","1","110","4","2005-11-16","","2005-11-16 00:00:00.0"
"ADNI1","023_S_0061","61","sc","3/3","2005-11-21","10.0","1","1","0","1","114","11","2005-11-28","","2005-11-28 00:00:00.0"
"ADNI1","022_S_0066","66","sc","2/3","2005-11-21","9.0","1","1","0","1","116","10","2005-11-28","","2005-11-28 00:00:00.0"
"ADNI1","067_S_0045","45","sc","3/4","2005-11-21","8.5","1","1","0","1","118","32","2005-11-28","","2005-11-28 00:00:00.0"
"ADNI1","067_S_0076","76","sc","3/4","2005-12-05","9.5","1","1","0","1","126","32","2005-12-05","","2005-12-05 00:00:00.0"
"ADNI1","123_S_0091","91","sc","3/3","2005-12-12","9.0","1","1","0","1","140","94","2006-01-03","","2006-01-03 00:00:00.0"
"ADNI1","067_S_0077","77","sc","2/3","2005-12-12","9.5","0","1","0","1","146","32","2006-01-04","","2006-01-04 00:00:00.0"
"ADNI1","023_S_0084","84","sc","3/4","2005-12-12","9.0","1","1","0","1","148","11","2006-01-04","","2006-01-04 00:00:00.0"
"ADNI1","023_S_0093","93","sc","3/4","2005-12-12","8.0","1","1","0","1","154","11","2006-01-04","","2006-01-04 00:00:00.0"
"ADNI1","123_S_0094","94","sc","3/4","2005-12-19","5.7","1","1","0","1","158","94","2006-01-04","","2006-01-04 00:00:00.0"
"ADNI1","022_S_0096","96","sc","3/3","2005-12-19","10.0","0","1","0","1","160","10","2006-01-04","","2006-01-04 00:00:00.0"
"ADNI1","067_S_0059","59","sc","3/3","2005-12-19","9.3","1","1","0","1","162","32","2006-01-04","","2006-01-04 00:00:00.0"
"ADNI1","020_S_0097","97","sc","2/3","2005-12-19","2.5","1","1","0","1","168","8","2006-01-04","","2006-01-04 00:00:00.0"
"ADNI1","099_S_0111","111","sc","3/4","2005-12-22","9.5","1","1","0","1","178","45","2006-01-04","","2006-01-04 00:00:00.0"
"ADNI1","023_S_0126","126","sc","3/4","2006-01-17","7.0","1","1","0","1","184","11","2006-01-19","","2006-01-19 00:00:00.0"
"ADNI1","068_S_0127","127","sc","3/3","2006-01-17","7.0","1","1","0","1","188","33","2006-01-19","","2006-01-19 00:00:00.0"
"ADNI1","123_S_0106","106","sc","3/3","2006-01-17","10.0","1","1","0","1","190","94","2006-01-19","","2006-01-19 00:00:00.0"
"ADNI1","022_S_0130","130","sc","3/3","2006-01-17","9.5","1","1","0","1","196","10","2006-01-19","","2006-01-19 00:00:00.0"
"ADNI1","128_S_0135","135","sc","3/3","2006-01-17","9.0","0","1","0","1","200","115","2006-01-19","","2006-01-19 00:00:00.0"
"ADNI1","128_S_0138","138","sc","3/3","2006-01-17","5.5","1","1","0","1","204","115","2006-01-20","","2006-01-20 00:00:00.0"
"ADNI1","023_S_0139","139","sc","4/4","2006-01-17","10.0","1","1","0","1","210","11","2006-01-20","","2006-01-20 00:00:00.0"
"ADNI1","037_S_0150","150","sc","3/3","2006-01-23","8.5","0","1","0","1","224","18","2006-01-24","","2006-01-24 00:00:00.0"
"ADNI1","023_S_0083","83","sc","4/4","2006-01-23","10.0","1","1","0","1","226","11","2006-01-25","","2006-01-25 00:00:00.0"
"ADNI1","073_S_0089","89","sc","3/3","2006-01-23","9.5","1","1","0","1","250","36","2006-01-25","","2006-01-25 00:00:00.0"
"ADNI1","022_S_0129","129","sc","3/3","2006-01-30","10.0","1","1","0","1","254","10","2006-01-31","","2006-01-31 00:00:00.0"
"ADNI1","114_S_0166","166","sc","3/4","2006-01-30","9.0","1","1","0","1","280","87","2006-01-31","","2006-01-31 00:00:00.0"
"ADNI1","114_S_0173","173","sc","3/3","2006-01-30","9.0","1","1","0","1","282","87","2006-01-31","","2006-01-31 00:00:00.0"
"ADNI1","128_S_0188","188","sc","3/4","2006-02-06","7.0","1","1","0","1","290","115","2006-02-08","","2006-02-08 00:00:00.0"
"ADNI1","035_S_0204","204","sc","3/3","2006-02-13","10.0","1","1","0","1","318","6","2006-02-15","","2006-02-15 00:00:00.0"
"ADNI1","068_S_0210","210","sc","2/3","2006-02-13","3.5","1","1","0","1","320","33","2006-02-15","","2006-02-15 00:00:00.0"
"ADNI1","067_S_0177","177","sc","3/3","2006-02-13","10.0","1","1","0","1","324","32","2006-02-15","","2006-02-15 00:00:00.0"
"ADNI1","032_S_0214","214","sc","4/4","2006-02-13","8.5","1","1","0","1","326","16","2006-02-15","","2006-02-15 00:00:00.0"
"ADNI1","136_S_0186","186","sc","3/3","2006-02-13","9.0","1","1","0","1","330","123","2006-02-15","","2006-02-15 00:00:00.0"
"ADNI1","128_S_0227","227","sc","4/4","2006-02-17","5.5","1","1","0","1","340","115","2006-02-22","","2006-02-22 00:00:00.0"
"ADNI1","022_S_0219","219","sc","3/4","2006-02-17","9.0","1","1","0","1","344","10","2006-02-22","","2006-02-22 00:00:00.0"
"ADNI1","013_S_0240","240","sc","3/3","2006-02-17","7.0","1","1","0","1","362","109","2006-02-22","","2006-02-22 00:00:00.0"
"ADNI1","020_S_0213","213","sc","2/3","2006-02-17","3.0","1","1","0","1","364","8","2006-02-22","","2006-02-22 00:00:00.0"
"ADNI1","128_S_0258","258","sc","3/4","2006-02-27","4.5","1","1","0","1","388","115","2006-03-06","","2006-03-06 00:00:00.0"
"ADNI1","067_S_0243","243","sc","3/4","2006-02-27","9.0","1","1","0","1","394","32","2006-03-06","","2006-03-06 00:00:00.0"
"ADNI1","128_S_0266","266","sc","3/4","2006-02-27","5.5","1","1","0","1","396","115","2006-03-06","","2006-03-06 00:00:00.0"
"ADNI1","128_S_0272","272","sc","3/3","2006-03-06","7.0","1","1","0","1","406","115","2006-03-10","","2006-03-10 00:00:00.0"
"ADNI1","031_S_0294","294","sc","3/3","2006-03-10","10.0","1","1","0","1","436","15","2006-03-20","","2006-03-20 00:00:00.0"
"ADNI1","035_S_0292","292","sc","3/3","2006-03-10","9.0","1","1","0","1","438","6","2006-03-20","","2006-03-20 00:00:00.0"
"ADNI1","128_S_0310","310","sc","3/3","2006-03-10","7.0","1","1","0","1","460","115","2006-03-20","","2006-03-20 00:00:00.0"
"ADNI1","041_S_0314","314","sc","3/4","2006-03-10","9.5","1","1","0","1","468","20","2006-03-20","","2006-03-20 00:00:00.0"
"ADNI1","011_S_0326","326","sc","3/3","2006-03-20","9.0","1","1","0","1","498","107","2006-03-30","","2006-03-30 00:00:00.0"
"ADNI1","023_S_0331","331","sc","4/4","2006-03-20","9.0","1","1","0","1","504","11","2006-03-31","","2006-03-31 00:00:00.0"
"ADNI1","035_S_0341","341","sc","4/4","2006-03-24","9.5","1","1","0","1","540","6","2006-04-03","","2006-04-03 00:00:00.0"
"ADNI1","067_S_0336","336","sc","3/4","2006-03-24","8.5","1","1","0","1","542","32","2006-04-03","","2006-04-03 00:00:00.0"
"ADNI1","099_S_0352","352","sc","3/3","2006-03-24","9.5","1","1","0","1","548","45","2006-04-03","","2006-04-03 00:00:00.0"
"ADNI1","011_S_0362","362","sc","3/4","2006-03-24","9.0","1","1","0","1","554","107","2006-04-03","","2006-04-03 00:00:00.0"
"ADNI1","099_S_0372","372","sc","3/3","2006-03-24","9.5","1","1","0","1","578","45","2006-04-03","","2006-04-03 00:00:00.0"
"ADNI1","114_S_0374","374","sc","3/4","2006-03-24","2.2","1","1","0","1","580","87","2006-04-03","","2006-04-03 00:00:00.0"
"ADNI1","023_S_0376","376","sc","3/3","2006-04-03","10.0","1","1","0","1","586","11","2006-04-04","","2006-04-04 00:00:00.0"
"ADNI1","114_S_0378","378","sc","3/4","2006-04-03","9.5","1","1","0","1","590","87","2006-04-04","","2006-04-04 00:00:00.0"
"ADNI1","136_S_0086","86","sc","3/3","2006-04-03","8.5","1","1","0","1","600","123","2006-04-04","","2006-04-04 00:00:00.0"
"ADNI1","023_S_0388","388","sc","4/4","2006-04-03","10.0","1","1","0","1","604","11","2006-04-04","","2006-04-04 00:00:00.0"
"ADNI1","123_S_0390","390","sc","3/4","2006-04-03","9.5","1","1","0","1","610","94","2006-04-04","","2006-04-04 00:00:00.0"
"ADNI1","002_S_0295","295","sc","3/4","2006-04-10","9.6","1","1","0","1","622","101","2006-04-11","","2006-04-11 00:00:00.0"
"ADNI1","073_S_0386","386","sc","3/4","2006-04-10","9.6","1","1","0","1","628","36","2006-04-11","","2006-04-11 00:00:00.0"
"ADNI1","002_S_0413","413","sc","3/3","2006-04-17","9.8","1","1","0","1","634","101","2006-04-21","","2006-04-21 00:00:00.0"
"ADNI1","114_S_0416","416","sc","3/3","2006-04-17","9.7","1","1","0","1","638","87","2006-04-21","","2006-04-21 00:00:00.0"
"ADNI1","027_S_0403","403","sc","3/3","2006-04-17","6.8","1","1","0","1","640","13","2006-04-21","","2006-04-21 00:00:00.0"
"ADNI1","027_S_0404","404","sc","3/3","2006-04-17","9.4","1","1","0","1","642","13","2006-04-21","","2006-04-21 00:00:00.0"
"ADNI1","136_S_0196","196","sc","3/3","2006-04-17","8.0","1","1","0","1","654","123","2006-04-21","","2006-04-21 00:00:00.0"
"ADNI1","067_S_0257","257","sc","3/4","2006-04-17","9.7","1","1","0","1","660","32","2006-04-21","","2006-04-21 00:00:00.0"
"ADNI1","037_S_0467","467","sc","3/3","2006-04-17","7.0","1","1","0","1","666","18","2006-04-21","","2006-04-21 00:00:00.0"
"ADNI1","133_S_0433","433","sc","3/3","2006-04-17","7.6","1","1","0","1","670","120","2006-04-21","","2006-04-21 00:00:00.0"
"ADNI1","037_S_0454","454","sc","3/3","2006-04-24","9.0","1","1","0","1","686","18","2006-05-02","","2006-05-02 00:00:00.0"
"ADNI1","099_S_0470","470","sc","2/4","2006-04-24","6.6","1","1","0","1","706","45","2006-05-02","","2006-05-02 00:00:00.0"
"ADNI1","057_S_0474","474","sc","4/4","2006-05-01","10.0","1","1","0","1","714","62","2006-05-04","","2006-05-04 00:00:00.0"
"ADNI1","032_S_0479","479","sc","3/3","2006-05-01","9.8","1","1","0","1","718","16","2006-05-04","","2006-05-04 00:00:00.0"
"ADNI1","099_S_0492","492","sc","3/4","2006-05-01","9.0","1","1","0","1","736","45","2006-05-04","","2006-05-04 00:00:00.0"
"ADNI1","133_S_0488","488","sc","3/3","2006-05-01","10.0","1","1","0","1","740","120","2006-05-04","","2006-05-04 00:00:00.0"
"ADNI1","006_S_0498","498","sc","2/4","2006-05-10","9.0","1","1","0","1","748","103","2006-05-15","","2006-05-15 00:00:00.0"
"ADNI1","037_S_0501","501","sc","3/3","2006-05-10","7.8","0","1","0","1","764","18","2006-05-15","","2006-05-15 00:00:00.0"
"ADNI1","128_S_0517","517","sc","3/3","2006-05-10","6.6","1","1","0","1","766","115","2006-05-15","","2006-05-15 00:00:00.0"
"ADNI1","099_S_0534","534","sc","3/4","2006-05-16","8.3","1","1","0","1","788","45","2006-05-16","","2006-05-16 00:00:00.0"
"ADNI1","062_S_0535","535","sc","3/4","2006-05-16","7.8","1","1","0","1","802","30","2006-05-23","","2006-05-23 00:00:00.0"
"ADNI1","099_S_0533","533","sc","3/3","2006-05-16","6.6","1","1","0","1","806","45","2006-05-23","","2006-05-23 00:00:00.0"
"ADNI1","128_S_0545","545","sc","3/3","2006-05-16","6.4","1","1","0","1","822","115","2006-05-23","","2006-05-23 00:00:00.0"
"ADNI1","033_S_0514","514","sc","3/3","2006-05-22","9.5","1","1","0","1","848","52","2006-05-25","","2006-05-25 00:00:00.0"
"ADNI1","002_S_0559","559","sc","3/4","2006-05-22","10.0","1","1","0","1","852","101","2006-05-25","","2006-05-25 00:00:00.0"
"ADNI1","022_S_0543","543","sc","3/4","2006-05-22","5.6","1","1","0","1","860","10","2006-05-25","","2006-05-25 00:00:00.0"
"ADNI1","035_S_0555","555","sc","3/4","2006-05-22","9.2","1","1","0","1","862","6","2006-05-25","","2006-05-25 00:00:00.0"
"ADNI1","073_S_0311","311","sc","3/4","2006-05-22","7.0","0","1","0","1","864","36","2006-05-25","","2006-05-25 00:00:00.0"
"ADNI1","073_S_0312","312","sc","3/4","2006-05-22","9.8","0","1","0","1","866","36","2006-05-25","","2006-05-25 00:00:00.0"
"ADNI1","037_S_0566","566","sc","3/4","2006-05-22","8.2","1","1","0","1","876","18","2006-05-25","","2006-05-25 00:00:00.0"
"ADNI1","133_S_0525","525","sc","3/3","2006-05-22","9.5","1","1","0","1","884","120","2006-05-25","","2006-05-25 00:00:00.0"
"ADNI1","010_S_0422","422","sc","3/3","2006-05-22","9.3","1","1","0","1","888","106","2006-05-25","","2006-05-25 00:00:00.0"
"ADNI1","036_S_0577","577","sc","4/4","2006-05-22","9.0","1","1","0","1","896","17","2006-05-25","","2006-05-25 00:00:00.0"
"ADNI1","062_S_0578","578","sc","3/3","2006-05-22","8.6","1","1","0","1","898","30","2006-05-25","","2006-05-25 00:00:00.0"
"ADNI1","037_S_0588","588","sc","4/4","2006-05-26","7.7","1","1","0","1","924","18","2006-06-01","","2006-06-01 00:00:00.0"
"ADNI1","023_S_0604","604","sc","3/3","2006-05-26","10.0","1","1","0","1","946","11","2006-06-01","","2006-06-01 00:00:00.0"
"ADNI1","128_S_0611","611","sc","3/4","2006-05-26","4.0","1","1","0","1","958","115","2006-06-01","","2006-06-01 00:00:00.0"
"ADNI1","031_S_0618","618","sc","3/4","2006-06-01","10.0","1","1","0","1","964","15","2006-06-06","","2006-06-06 00:00:00.0"
"ADNI1","023_S_0625","625","sc","3/3","2006-06-01","9.3","1","1","0","1","976","11","2006-06-06","","2006-06-06 00:00:00.0"
"ADNI1","133_S_0638","638","sc","4/4","2006-06-01","9.8","1","1","0","1","990","120","2006-06-06","","2006-06-06 00:00:00.0"
"ADNI1","136_S_0429","429","sc","3/3","2006-06-12","9.7","1","1","0","1","1012","123","2006-06-13","","2006-06-13 00:00:00.0"
"ADNI1","012_S_0637","637","sc","2/3","2006-06-16","9.7","1","1","0","1","1034","108","2006-06-20","","2006-06-20 00:00:00.0"
"ADNI1","073_S_0565","565","sc","4/4","2006-06-16","5.5","1","1","0","1","1040","36","2006-06-20","","2006-06-20 00:00:00.0"
"ADNI1","032_S_0677","677","sc","3/3","2006-06-26","7.5","1","1","0","1","1056","16","2006-06-29","","2006-06-29 00:00:00.0"
"ADNI1","137_S_0668","668","sc","3/3","2006-06-26","9.0","1","1","0","1","1072","124","2006-06-29","","2006-06-29 00:00:00.0"
"ADNI1","002_S_0685","685","sc","3/3","2006-06-30","9.7","1","1","0","1","1086","101","2006-07-03","","2006-07-03 00:00:00.0"
"ADNI1","062_S_0690","690","sc","3/4","2006-06-30","7.2","0","1","0","1","1090","30","2006-07-05","","2006-07-05 00:00:00.0"
"ADNI1","141_S_0717","717","sc","3/3","2006-07-10","8.5","1","1","0","1","1124","19","2006-07-12","","2006-07-12 00:00:00.0"
"ADNI1","033_S_0724","724","sc","3/3","2006-07-10","9.8","1","1","0","1","1128","52","2006-07-12","","2006-07-12 00:00:00.0"
"ADNI1","033_S_0725","725","sc","3/4","2006-07-10","8.7","1","1","0","1","1130","52","2006-07-12","","2006-07-12 00:00:00.0"
"ADNI1","141_S_0726","726","sc","3/4","2006-07-10","9.5","1","1","0","1","1140","19","2006-07-12","","2006-07-12 00:00:00.0"
"ADNI1","002_S_0729","729","sc","3/4","2006-07-15","9.7","1","1","0","1","1142","101","2006-07-19","","2006-07-19 00:00:00.0"
"ADNI1","006_S_0731","731","sc","3/3","2006-07-15","10.0","1","1","0","1","1144","103","2006-07-19","","2006-07-19 00:00:00.0"
"ADNI1","033_S_0733","733","sc","4/4","2006-07-15","9.0","1","1","0","1","1152","52","2006-07-19","","2006-07-19 00:00:00.0"
"ADNI1","036_S_0672","672","sc","2/3","2006-07-15","10.0","1","1","0","1","1156","17","2006-07-19","","2006-07-19 00:00:00.0"
"ADNI1","137_S_0722","722","sc","3/3","2006-07-15","9.5","1","1","0","1","1170","124","2006-07-19","","2006-07-19 00:00:00.0"
"ADNI1","022_S_0750","750","sc","3/4","2006-07-24","4.5","1","1","0","1","1178","10","2006-07-27","","2006-07-27 00:00:00.0"
"ADNI1","009_S_0751","751","sc","2/3","2006-07-24","9.8","1","1","0","1","1180","105","2006-07-27","","2006-07-27 00:00:00.0"
"ADNI1","021_S_0753","753","sc","4/4","2006-07-24","9.5","1","1","0","1","1184","9","2006-07-27","","2006-07-27 00:00:00.0"
"ADNI1","062_S_0768","768","sc","3/4","2006-07-24","6.0","1","1","0","1","1192","30","2006-07-27","","2006-07-27 00:00:00.0"
"ADNI1","016_S_0769","769","sc","3/3","2006-07-24","4.3","1","1","0","1","1194","111","2006-07-27","","2006-07-27 00:00:00.0"
"ADNI1","116_S_0649","649","sc","2/4","2006-07-24","9.5","1","1","0","1","1200","5","2006-07-27","","2006-07-27 00:00:00.0"
"ADNI1","057_S_0779","779","sc","3/4","2006-07-28","8.7","0","1","0","1","1218","62","2006-08-01","","2006-08-01 00:00:00.0"
"ADNI1","129_S_0778","778","sc","3/4","2006-08-04","9.0","1","1","0","1","1224","116","2006-08-08","","2006-08-08 00:00:00.0"
"ADNI1","141_S_0790","790","sc","3/4","2006-08-04","4.6","1","1","0","1","1234","19","2006-08-08","","2006-08-08 00:00:00.0"
"ADNI1","057_S_0818","818","sc","3/3","2006-08-18","9.3","1","1","0","1","1288","62","2006-08-23","","2006-08-23 00:00:00.0"
"ADNI1","141_S_0697","697","sc","2/3","2006-08-26","9.0","1","1","0","1","1310","19","2006-08-29","","2006-08-29 00:00:00.0"
"ADNI1","027_S_0835","835","sc","3/4","2006-08-26","9.0","1","1","0","1","1312","13","2006-08-29","","2006-08-29 00:00:00.0"
"ADNI1","073_S_0518","518","sc","4/4","2006-08-26","9.2","1","1","0","1","1326","36","2006-08-29","","2006-08-29 00:00:00.0"
"ADNI1","141_S_0852","852","sc","3/4","2006-03-24","9.0","1","1","0","1","1330","19","2006-09-05","","2006-09-05 00:00:00.0"
"ADNI1","023_S_0855","855","sc","3/3","2006-09-05","9.0","1","1","0","1","1340","11","2006-09-06","","2006-09-06 00:00:00.0"
"ADNI1","057_S_0839","839","sc","2/3","2006-09-05","9.0","1","1","0","1","1366","62","2006-09-06","","2006-09-06 00:00:00.0"
"ADNI1","011_S_0861","861","sc","4/4","2006-09-12","9.3","1","1","0","1","1392","107","2006-09-22","","2006-09-22 00:00:00.0"
"ADNI1","130_S_0886","886","sc","2/3","2006-09-12","8.2","1","1","0","1","1402","117","2006-09-22","","2006-09-22 00:00:00.0"
"ADNI1","003_S_0931","931","sc","3/3","2006-09-20","9.2","1","1","0","1","1436","102","2006-09-27","","2006-09-27 00:00:00.0"
"ADNI1","023_S_0926","926","sc","3/3","2006-09-20","9.2","1","1","0","1","1460","11","2006-09-27","","2006-09-27 00:00:00.0"
"ADNI1","100_S_0892","892","sc","3/4","2006-09-20","9.8","1","1","0","1","1464","4","2006-09-27","","2006-09-27 00:00:00.0"
"ADNI1","057_S_0941","941","sc","4/4","2006-09-20","9.8","1","1","0","1","1472","62","2006-09-27","","2006-09-27 00:00:00.0"
"ADNI1","100_S_0930","930","sc","3/4","2006-09-20","9.8","1","1","0","1","1476","4","2006-09-27","","2006-09-27 00:00:00.0"
"ADNI1","032_S_0978","978","sc","3/4","2006-10-09","9.2","1","1","0","1","1534","16","2006-10-12","","2006-10-12 00:00:00.0"
"ADNI1","003_S_0981","981","sc","3/3","2006-10-13","8.7","1","1","0","1","1546","102","2006-10-17","","2006-10-17 00:00:00.0"
"ADNI1","041_S_1002","1002","sc","3/3","2006-10-20","8.5","1","1","0","1","1582","20","2006-10-26","","2006-10-26 00:00:00.0"
"ADNI1","033_S_1016","1016","sc","3/3","2006-10-20","6.0","1","1","0","1","1586","52","2006-10-26","","2006-10-26 00:00:00.0"
"ADNI1","109_S_1013","1013","sc","3/3","2006-10-20","9.5","1","1","0","1","1592","86","2006-10-26","","2006-10-26 00:00:00.0"
"ADNI1","012_S_1009","1009","sc","4/4","2006-10-20","8.6","1","1","0","1","1598","108","2006-10-26","","2006-10-26 00:00:00.0"
"ADNI1","137_S_0994","994","sc","3/4","2006-10-20","9.6","1","1","0","1","1606","124","2006-10-26","","2006-10-26 00:00:00.0"
"ADNI1","009_S_1030","1030","sc","3/3","2006-10-20","8.6","1","1","0","1","1612","105","2006-10-26","","2006-10-26 00:00:00.0"
"ADNI1","141_S_0915","915","sc","3/4","2006-05-26","8.0","1","1","0","1","1626","19","2006-10-27","","2006-10-27 00:00:00.0"
"ADNI1","128_S_1043","1043","sc","3/3","2006-10-27","7.6","1","1","0","1","1634","115","2006-11-03","","2006-11-03 00:00:00.0"
"ADNI1","133_S_1055","1055","sc","3/4","2006-10-27","7.8","1","1","0","1","1658","120","2006-11-03","","2006-11-03 00:00:00.0"
"ADNI1","003_S_1059","1059","sc","3/3","2006-11-03","8.0","1","1","0","1","1660","102","2006-11-07","","2006-11-07 00:00:00.0"
"ADNI1","100_S_1062","1062","sc","3/4","2006-11-03","9.2","1","1","0","1","1674","4","2006-11-07","","2006-11-07 00:00:00.0"
"ADNI1","082_S_1079","1079","sc","3/4","2006-11-13","8.7","1","1","0","1","1706","39","2006-11-14","","2006-11-14 00:00:00.0"
"ADNI1","022_S_1097","1097","sc","3/3","2006-11-13","7.8","1","1","0","1","1724","10","2006-11-14","","2006-11-14 00:00:00.0"
"ADNI1","033_S_1098","1098","sc","3/4","2006-11-13","7.8","1","1","0","1","1726","52","2006-11-14","","2006-11-14 00:00:00.0"
"ADNI1","013_S_1035","1035","sc","3/4","2006-02-06","7.0","1","1","0","1","1730","109","2006-11-20","","2006-11-20 00:00:00.0"
"ADNI1","116_S_1083","1083","sc","3/3","2006-06-30","9.4","1","1","0","1","1732","5","2006-11-21","","2006-11-21 00:00:00.0"
"ADNI1","027_S_1082","1082","sc","4/4","2006-11-17","8.7","1","1","0","1","1746","13","2006-11-21","","2006-11-21 00:00:00.0"
"ADNI1","114_S_1106","1106","sc","3/3","2006-11-17","8.7","1","1","0","1","1754","87","2006-11-21","","2006-11-21 00:00:00.0"
"ADNI1","033_S_1116","1116","sc","4/4","2006-11-17","8.7","0","1","0","1","1764","52","2006-11-21","","2006-11-21 00:00:00.0"
"ADNI1","016_S_1117","1117","sc","3/3","2006-11-17","6.7","1","1","0","1","1774","111","2006-11-21","","2006-11-21 00:00:00.0"
"ADNI1","035_S_0997","997","sc","3/3","2006-11-30","9.6","1","1","0","1","1796","6","2006-12-07","","2006-12-07 00:00:00.0"
"ADNI1","023_S_1126","1126","sc","3/3","2006-11-30","8.0","1","1","0","1","1810","11","2006-12-07","","2006-12-07 00:00:00.0"
"ADNI1","137_S_0972","972","sc","3/4","2006-11-30","9.4","1","1","0","1","1828","124","2006-12-07","","2006-12-07 00:00:00.0"
"ADNI1","099_S_1144","1144","sc","3/4","2006-12-04","8.0","1","1","0","1","1840","45","2006-12-07","","2006-12-07 00:00:00.0"
"ADNI1","133_S_0913","913","sc","3/3","2006-12-04","7.9","1","1","0","1","1844","120","2006-12-07","","2006-12-07 00:00:00.0"
"ADNI1","141_S_1137","1137","sc","3/3","2006-12-04","6.6","0","1","0","1","1852","19","2006-12-07","","2006-12-07 00:00:00.0"
"ADNI1","128_S_1148","1148","sc","4/4","2006-12-04","9.0","1","1","0","1","1856","115","2006-12-07","","2006-12-07 00:00:00.0"
"ADNI1","013_S_1161","1161","sc","3/3","2006-12-07","3.4","1","1","0","1","1888","109","2006-12-14","","2006-12-14 00:00:00.0"
"ADNI1","041_S_1010","1010","sc","3/4","2006-06-26","8.2","1","1","0","1","1898","20","2006-12-15","","2006-12-15 00:00:00.0"
"ADNI1","032_S_1169","1169","sc","3/3","2006-12-15","9.7","1","1","0","1","1904","16","2006-12-21","","2006-12-21 00:00:00.0"
"ADNI1","133_S_1170","1170","sc","3/4","2006-12-15","9.5","1","1","0","1","1910","120","2006-12-21","","2006-12-21 00:00:00.0"
"ADNI1","023_S_1190","1190","sc","3/3","2006-12-22","9.0","1","1","0","1","1936","11","2006-12-22","","2006-12-22 00:00:00.0"
"ADNI1","067_S_1185","1185","sc","3/4","2007-01-08","9.9","0","1","0","1","1948","32","2007-01-11","","2007-01-11 00:00:00.0"
"ADNI1","031_S_1209","1209","sc","3/4","2007-01-17","9.4","1","1","0","1","1962","15","2007-01-19","","2007-01-19 00:00:00.0"
"ADNI1","057_S_1217","1217","sc","4/4","2007-01-17","9.2","0","1","0","1","1964","62","2007-01-19","","2007-01-19 00:00:00.0"
"ADNI1","027_S_1081","1081","sc","3/4","2007-01-17","9.5","1","1","0","1","1972","13","2007-01-19","","2007-01-19 00:00:00.0"
"ADNI1","037_S_1225","1225","sc","3/3","2007-01-17","8.3","0","1","0","1","1978","18","2007-01-19","","2007-01-19 00:00:00.0"
"ADNI1","941_S_1203","1203","sc","3/3","2007-01-23","10.0","1","1","0","1","2006","127","2007-01-25","","2007-01-25 00:00:00.0"
"ADNI1","023_S_1247","1247","sc","3/3","2007-01-29","8.7","1","1","0","1","2030","11","2007-01-29","","2007-01-29 00:00:00.0"
"ADNI1","023_S_1262","1262","sc","3/3","2007-01-29","7.6","1","1","0","1","2032","11","2007-01-29","","2007-01-29 00:00:00.0"
"ADNI1","067_S_1253","1253","sc","3/3","2007-01-29","8.5","1","1","0","1","2038","32","2007-01-30","","2007-01-30 00:00:00.0"
"ADNI1","016_S_1263","1263","sc","3/4","2007-01-29","5.8","1","1","0","1","2044","111","2007-01-30","","2007-01-30 00:00:00.0"
"ADNI1","057_S_1265","1265","sc","3/4","2007-01-29","8.0","0","1","0","1","2054","62","2007-01-30","","2007-01-30 00:00:00.0"
"ADNI1","002_S_1268","1268","sc","3/4","2007-01-29","9.5","1","1","0","1","2060","101","2007-01-30","","2007-01-30 00:00:00.0"
"ADNI1","013_S_1276","1276","sc","3/3","2007-02-06","9.0","1","1","0","1","2072","109","2007-02-09","","2007-02-09 00:00:00.0"
"ADNI1","002_S_1261","1261","sc","3/3","2007-02-06","9.2","1","1","0","1","2098","101","2007-02-09","","2007-02-09 00:00:00.0"
"ADNI1","051_S_1296","1296","sc","4/4","2007-02-06","3.1","1","1","0","1","2124","56","2007-02-09","","2007-02-09 00:00:00.0"
"ADNI1","941_S_1295","1295","sc","3/4","2007-02-06","9.2","1","1","0","1","2132","127","2007-02-09","","2007-02-09 00:00:00.0"
"ADNI1","012_S_1292","1292","sc","3/3","2007-02-23","9.0","1","1","0","1","2182","108","2007-02-28","","2007-02-28 00:00:00.0"
"ADNI1","022_S_1351","1351","sc","4/4","2007-02-23","7.6","1","1","0","1","2202","10","2007-02-28","","2007-02-28 00:00:00.0"
"ADNI1","052_S_1352","1352","sc","3/3","2007-03-05","10.0","1","1","0","1","2226","57","2007-03-07","","2007-03-07 00:00:00.0"
"ADNI1","057_S_1371","1371","sc","3/4","2007-03-05","8.8","1","1","0","1","2228","62","2007-03-07","","2007-03-07 00:00:00.0"
"ADNI1","057_S_1373","1373","sc","3/4","2007-03-05","9.0","1","1","0","1","2230","62","2007-03-07","","2007-03-07 00:00:00.0"
"ADNI1","057_S_1379","1379","sc","3/3","2007-03-05","8.8","1","1","0","1","2236","62","2007-03-07","","2007-03-07 00:00:00.0"
"ADNI1","022_S_1394","1394","sc","3/4","2007-05-22","7.4","1","1","0","1","2286","10","2007-05-25","","2007-05-25 00:00:00.0"
"ADNI1","128_S_1408","1408","sc","3/3","2007-06-11","9.6","1","1","0","1","2300","115","2007-06-29","","2007-06-29 00:00:00.0"
"ADNI1","041_S_1423","1423","sc","3/4","2007-08-03","9.4","1","1","0","1","2316","20","2007-08-22","","2007-08-22 00:00:00.0"
"ADNIGO","128_S_2002","2002","","3/3","","","","","","","","","","","2014-10-21 15:16:47.0"
"ADNIGO","002_S_2010","2010","","3/4","","","","","","","","","","","2014-10-21 15:16:47.0"
"ADNIGO","031_S_2018","2018","","3/3","","","","","","","","","","","2014-10-21 15:16:47.0"
"ADNIGO","031_S_2022","2022","","3/4","","","","","","","","","","","2014-10-21 15:16:47.0"
"ADNIGO","128_S_2036","2036","","3/3","","","","","","","","","","","2014-10-21 15:16:47.0"
"ADNIGO","002_S_2073","2073","","3/3","","","","","","","","","","","2014-10-21 15:16:48.0"
"ADNIGO","022_S_2087","2087","","3/4","","","","","","","","","","","2014-10-21 15:16:48.0"
"ADNIGO","128_S_2123","2123","","3/3","","","","","","","","","","","2014-10-21 15:16:48.0"
"ADNIGO","128_S_2130","2130","","3/3","","","","","","","","","","","2014-10-21 15:16:48.0"
"ADNIGO","018_S_2133","2133","","4/4","","","","","","","","","","","2014-10-21 15:16:48.0"
"ADNIGO","099_S_2146","2146","","3/3","","","","","","","","","","","2014-10-21 15:16:48.0"
"ADNIGO","018_S_2155","2155","","4/4","","","","","","","","","","","2014-10-21 15:16:48.0"
"ADNIGO","018_S_2180","2180","","3/3","","","","","","","","","","","2014-10-21 15:16:48.0"
"ADNIGO","014_S_2185","2185","","3/3","","","","","","","","","","","2014-10-21 15:16:48.0"
"ADNIGO","068_S_2187","2187","","3/4","","","","","","","","","","","2014-10-21 15:16:48.0"
"ADNIGO","067_S_2195","2195","","4/4","","","","","","","","","","","2014-10-21 15:16:48.0"
"ADNIGO","094_S_2201","2201","","3/3","","","","","","","","","","","2014-10-21 15:16:48.0"
"ADNIGO","141_S_2210","2210","","3/3","","","","","","","","","","","2014-10-21 15:16:48.0"
"ADNIGO","128_S_2220","2220","","3/3","","","","","","","","","","","2014-10-21 15:16:48.0"
"ADNIGO","031_S_2233","2233","","3/4","","","","","","","","","","","2014-10-21 15:16:48.0"
"ADNIGO","068_S_2248","2248","","3/4","","","","","","","","","","","2014-10-21 15:16:48.0"
"ADNIGO","022_S_2263","2263","","3/4","","","","","","","","","","","2014-10-21 15:16:48.0"
"ADNIGO","011_S_2274","2274","","3/4","","","","","","","","","","","2014-10-21 15:16:48.0"
"ADNIGO","067_S_2301","2301","","3/3","","","","","","","","","","","2014-10-21 15:16:48.0"
"ADNIGO","067_S_2304","2304","","2/3","","","","","","","","","","","2014-10-21 15:16:48.0"
"ADNIGO","068_S_2315","2315","","3/3","","","","","","","","","","","2014-10-21 15:16:48.0"
"ADNIGO","068_S_2316","2316","","3/4","","","","","","","","","","","2014-10-21 15:16:48.0"
"ADNIGO","130_S_2373","2373","","3/4","","","","","","","","","","","2014-10-21 15:16:48.0"
"ADNIGO","036_S_2378","2378","","3/4","","","","","","","","","","","2014-10-21 15:16:48.0"
"ADNIGO","022_S_2379","2379","","3/3","","","","","","","","","","","2014-10-21 15:16:48.0"
"ADNIGO","036_S_2380","2380","","4/4","","","","","","","","","","","2014-10-21 15:16:48.0"
"ADNIGO","009_S_2381","2381","","4/4","","","","","","","","","","","2014-10-21 15:16:48.0"
"ADNIGO","013_S_2389","2389","","3/3","","","","","","","","","","","2014-10-21 15:16:48.0"
"ADNIGO","130_S_2391","2391","","3/4","","","","","","","","","","","2014-10-21 15:16:48.0"
"ADNIGO","007_S_2394","2394","","4/4","","","","","","","","","","","2014-10-21 15:16:48.0"
"ADNIGO","057_S_2398","2398","","4/4","","","","","","","","","","","2014-10-21 15:16:48.0"
"ADNIGO","130_S_2403","2403","","3/3","","","","","","","","","","","2014-10-21 15:16:48.0"
"ADNI2","037_S_4001","4001","","3/3","","","","","","","","","","","2014-10-21 15:16:48.0"
"ADNI2","041_S_4004","4004","","3/3","","","","","","","","","","","2014-10-21 15:16:48.0"
"ADNI2","031_S_4005","4005","","3/4","","","","","","","","","","","2014-10-21 15:16:48.0"
"ADNI2","116_S_4010","4010","","3/3","","","","","","","","","","","2014-10-21 15:16:48.0"
"ADNI2","041_S_4014","4014","","3/3","","","","","","","","","","","2014-10-21 15:16:48.0"
"ADNI2","037_S_4015","4015","","3/4","","","","","","","","","","","2014-10-21 15:16:48.0"
"ADNI2","023_S_4020","4020","","2/3","","","","","","","","","","","2014-10-21 15:16:48.0"
"ADNI2","031_S_4021","4021","","3/3","","","","","","","","","","","2014-10-21 15:16:48.0"
"ADNI2","031_S_4024","4024","","3/4","","","","","","","","","","","2014-10-21 15:16:48.0"
"ADNI2","012_S_4026","4026","","2/3","","","","","","","","","","","2014-10-21 15:16:48.0"
"ADNI2","037_S_4028","4028","","3/3","","","","","","","","","","","2014-10-21 15:16:48.0"
"ADNI2","037_S_4030","4030","","3/4","","","","","","","","","","","2014-10-21 15:16:48.0"
"ADNI2","031_S_4032","4032","","3/3","","","","","","","","","","","2014-10-21 15:16:48.0"
"ADNI2","023_S_4035","4035","","3/4","","","","","","","","","","","2014-10-21 15:16:48.0"
"ADNI2","041_S_4037","4037","","3/3","","","","","","","","","","","2014-10-21 15:16:48.0"
"ADNI2","014_S_4039","4039","","3/4","","","","","","","","","","","2014-10-21 15:16:48.0"
"ADNI2","041_S_4041","4041","","3/3","","","","","","","","","","","2014-10-21 15:16:48.0"
"ADNI2","031_S_4042","4042","","3/3","","","","","","","","","","","2014-10-21 15:16:48.0"
"ADNI2","116_S_4043","4043","","3/3","","","","","","","","","","","2014-10-21 15:16:48.0"
"ADNI2","072_S_4057","4057","","3/4","","","","","","","","","","","2014-10-21 15:16:48.0"
"ADNI2","014_S_4058","4058","","3/4","","","","","","","","","","","2014-10-21 15:16:48.0"
"ADNI2","041_S_4060","4060","","2/3","","","","","","","","","","","2014-10-21 15:16:48.0"
"ADNI2","068_S_4061","4061","","3/4","","","","","","","","","","","2014-10-21 15:16:48.0"
"ADNI2","941_S_4066","4066","","3/3","","","","","","","","","","","2014-10-21 15:16:48.0"
"ADNI2","037_S_4071","4071","","3/3","","","","","","","","","","","2014-10-21 15:16:48.0"
"ADNI2","067_S_4072","4072","","3/3","","","","","","","","","","","2014-10-21 15:16:48.0"
"ADNI2","011_S_4075","4075","","3/4","","","","","","","","","","","2014-10-21 15:16:48.0"
"ADNI2","099_S_4076","4076","","3/3","","","","","","","","","","","2014-10-21 15:16:48.0"
"ADNI2","014_S_4079","4079","","3/4","","","","","","","","","","","2014-10-21 15:16:48.0"
"ADNI2","014_S_4080","4080","","3/3","","","","","","","","","","","2014-10-21 15:16:48.0"
"ADNI2","035_S_4082","4082","","3/4","","","","","","","","","","","2014-10-21 15:16:48.0"
"ADNI2","024_S_4084","4084","","3/3","","","","","","","","","","","2014-10-21 15:16:48.0"
"ADNI2","099_S_4086","4086","","3/3","","","","","","","","","","","2014-10-21 15:16:48.0"
"ADNI2","082_S_4090","4090","","2/3","","","","","","","","","","","2014-10-21 15:16:48.0"
"ADNI2","116_S_4092","4092","","3/3","","","","","","","","","","","2014-10-21 15:16:48.0"
"ADNI2","014_S_4093","4093","","3/3","","","","","","","","","","","2014-10-21 15:16:48.0"
"ADNI2","012_S_4094","4094","","3/3","","","","","","","","","","","2014-10-21 15:16:48.0"
"ADNI2","123_S_4096","4096","","4/4","","","","","","","","","","","2014-10-21 15:16:48.0"
"ADNI2","941_S_4100","4100","","3/3","","","","","","","","","","","2014-10-21 15:16:48.0"
"ADNI2","072_S_4102","4102","","3/3","","","","","","","","","","","2014-10-21 15:16:48.0"
"ADNI2","072_S_4103","4103","","3/3","","","","","","","","","","","2014-10-21 15:16:48.0"
"ADNI2","099_S_4104","4104","","3/3","","","","","","","","","","","2014-10-21 15:16:48.0"
"ADNI2","011_S_4105","4105","","3/3","","","","","","","","","","","2014-10-21 15:16:48.0"
"ADNI2","035_S_4114","4114","","3/4","","","","","","","","","","","2014-10-21 15:16:48.0"
"ADNI2","023_S_4115","4115","","3/3","","","","","","","","","","","2014-10-21 15:16:48.0"
"ADNI2","003_S_4119","4119","","3/3","","","","","","","","","","","2014-10-21 15:16:48.0"
"ADNI2","011_S_4120","4120","","3/3","","","","","","","","","","","2014-10-21 15:16:48.0"
"ADNI2","153_S_4125","4125","","3/4","","","","","","","","","","","2014-10-21 15:16:48.0"
"ADNI2","072_S_4131","4131","","3/4","","","","","","","","","","","2014-10-21 15:16:48.0"
"ADNI2","041_S_4138","4138","","2/3","","","","","","","","","","","2014-10-21 15:16:48.0"
"ADNI2","153_S_4139","4139","","3/3","","","","","","","","","","","2014-10-21 15:16:48.0"
"ADNI2","041_S_4143","4143","","3/3","","","","","","","","","","","2014-10-21 15:16:48.0"
"ADNI2","031_S_4149","4149","","3/4","","","","","","","","","","","2014-10-21 15:16:48.0"
"ADNI2","006_S_4150","4150","","3/3","","","","","","","","","","","2014-10-21 15:16:48.0"
"ADNI2","153_S_4151","4151","","2/3","","","","","","","","","","","2014-10-21 15:16:48.0"
"ADNI2","006_S_4153","4153","","3/4","","","","","","","","","","","2014-10-21 15:16:48.0"
"ADNI2","099_S_4157","4157","","3/3","","","","","","","","","","","2014-10-21 15:16:48.0"
"ADNI2","024_S_4158","4158","","2/3","","","","","","","","","","","2014-10-21 15:16:48.0"
"ADNI2","023_S_4164","4164","","3/3","","","","","","","","","","","2014-10-21 15:16:48.0"
"ADNI2","116_S_4167","4167","","3/4","","","","","","","","","","","2014-10-21 15:16:48.0"
"ADNI2","002_S_4171","4171","","3/3","","","","","","","","","","","2014-10-21 15:16:48.0"
"ADNI2","153_S_4172","4172","","3/3","","","","","","","","","","","2014-10-21 15:16:48.0"
"ADNI2","022_S_4173","4173","","2/3","","","","","","","","","","","2014-10-21 15:16:48.0"
"ADNI2","068_S_4174","4174","","3/4","","","","","","","","","","","2014-10-21 15:16:48.0"
"ADNI2","116_S_4175","4175","","3/4","","","","","","","","","","","2014-10-21 15:16:48.0"
"ADNI2","033_S_4176","4176","","3/4","","","","","","","","","","","2014-10-21 15:16:48.0"
"ADNI2","033_S_4177","4177","","3/3","","","","","","","","","","","2014-10-21 15:16:48.0"
"ADNI2","033_S_4179","4179","","4/4","","","","","","","","","","","2014-10-21 15:16:48.0"
"ADNI2","067_S_4184","4184","","3/3","","","","","","","","","","","2014-10-21 15:16:48.0"
"ADNI2","941_S_4187","4187","","2/3","","","","","","","","","","","2014-10-21 15:16:48.0"
"ADNI2","012_S_4188","4188","","3/4","","","","","","","","","","","2014-10-21 15:16:48.0"
"ADNI2","136_S_4189","4189","","3/4","","","","","","","","","","","2014-10-21 15:16:48.0"
"ADNI2","006_S_4192","4192","","3/4","","","","","","","","","","","2014-10-21 15:16:48.0"
"ADNI2","116_S_4195","4195","","4/4","","","","","","","","","","","2014-10-21 15:16:48.0"
"ADNI2","022_S_4196","4196","","3/3","","","","","","","","","","","2014-10-21 15:16:48.0"
"ADNI2","116_S_4199","4199","","3/3","","","","","","","","","","","2014-10-21 15:16:48.0"
"ADNI2","041_S_4200","4200","","2/3","","","","","","","","","","","2014-10-21 15:16:48.0"
"ADNI2","031_S_4203","4203","","3/4","","","","","","","","","","","2014-10-21 15:16:48.0"
"ADNI2","082_S_4208","4208","","3/3","","","","","","","","","","","2014-10-21 15:16:48.0"
"ADNI2","116_S_4209","4209","","3/3","","","","","","","","","","","2014-10-21 15:16:48.0"
"ADNI2","137_S_4211","4211","","3/3","","","","","","","","","","","2014-10-21 15:16:48.0"
"ADNI2","002_S_4213","4213","","3/3","","","","","","","","","","","2014-10-21 15:16:48.0"
"ADNI2","037_S_4214","4214","","3/3","","","","","","","","","","","2014-10-21 15:16:48.0"
"ADNI2","031_S_4218","4218","","3/3","","","","","","","","","","","2014-10-21 15:16:48.0"
"ADNI2","024_S_4223","4223","","3/3","","","","","","","","","","","2014-10-21 15:16:48.0"
"ADNI2","082_S_4224","4224","","3/3","","","","","","","","","","","2014-10-21 15:16:48.0"
"ADNI2","002_S_4225","4225","","3/4","","","","","","","","","","","2014-10-21 15:16:48.0"
"ADNI2","023_S_4243","4243","","3/3","","","","","","","","","","","2014-10-21 15:16:48.0"
"ADNI2","130_S_4250","4250","","3/4","","","","","","","","","","","2014-10-21 15:16:48.0"
"ADNI2","019_S_4252","4252","","3/4","","","","","","","","","","","2014-10-21 15:16:48.0"
"ADNI2","137_S_4258","4258","","3/4","","","","","","","","","","","2014-10-21 15:16:48.0"
"ADNI2","002_S_4262","4262","","3/3","","","","","","","","","","","2014-10-21 15:16:48.0"
"ADNI2","014_S_4263","4263","","3/4","","","","","","","","","","","2014-10-21 15:16:48.0"
"ADNI2","022_S_4266","4266","","3/4","","","","","","","","","","","2014-10-21 15:16:48.0"
"ADNI2","013_S_4268","4268","","3/3","","","","","","","","","","","2014-10-21 15:16:48.0"
"ADNI2","136_S_4269","4269","","2/3","","","","","","","","","","","2014-10-21 15:16:48.0"
"ADNI2","002_S_4270","4270","","3/4","","","","","","","","","","","2014-10-21 15:16:48.0"
"ADNI2","041_S_4271","4271","","2/3","","","","","","","","","","","2014-10-21 15:16:48.0"
"ADNI2","007_S_4272","4272","","3/3","","","","","","","","","","","2014-10-21 15:16:48.0"
"ADNI2","098_S_4275","4275","","3/3","","","","","","","","","","","2014-10-21 15:16:48.0"
"ADNI2","032_S_4277","4277","","2/3","","","","","","","","","","","2014-10-21 15:16:48.0"
"ADNI2","011_S_4278","4278","","3/4","","","","","","","","","","","2014-10-21 15:16:48.0"
"ADNI2","024_S_4280","4280","","3/4","","","","","","","","","","","2014-10-21 15:16:48.0"
"ADNI2","003_S_4288","4288","","3/3","","","","","","","","","","","2014-10-21 15:16:48.0"
"ADNI2","022_S_4291","4291","","3/3","","","","","","","","","","","2014-10-21 15:16:48.0"
"ADNI2","941_S_4292","4292","","3/3","","","","","","","","","","","2014-10-21 15:16:48.0"
"ADNI2","019_S_4293","4293","","3/3","","","","","","","","","","","2014-10-21 15:16:48.0"
"ADNI2","130_S_4294","4294","","3/4","","","","","","","","","","","2014-10-21 15:16:48.0"
"ADNI2","137_S_4303","4303","","3/4","","","","","","","","","","","2014-10-21 15:16:48.0"
"ADNI2","037_S_4308","4308","","2/3","","","","","","","","","","","2014-10-21 15:16:48.0"
"ADNI2","067_S_4310","4310","","3/4","","","","","","","","","","","2014-10-21 15:16:48.0"
"ADNI2","018_S_4313","4313","","3/4","","","","","","","","","","","2014-10-21 15:16:48.0"
"ADNI2","022_S_4320","4320","","3/3","","","","","","","","","","","2014-10-21 15:16:48.0"
"ADNI2","009_S_4324","4324","","2/4","","","","","","","","","","","2014-10-21 15:16:48.0"
"ADNI2","137_S_4331","4331","","3/4","","","","","","","","","","","2014-10-21 15:16:48.0"
"ADNI2","068_S_4332","4332","","3/3","","","","","","","","","","","2014-10-21 15:16:48.0"
"ADNI2","009_S_4337","4337","","3/3","","","","","","","","","","","2014-10-21 15:16:48.0"
"ADNI2","116_S_4338","4338","","3/3","","","","","","","","","","","2014-10-21 15:16:48.0"
"ADNI2","082_S_4339","4339","","4/4","","","","","","","","","","","2014-10-21 15:16:48.0"
"ADNI2","068_S_4340","4340","","3/3","","","","","","","","","","","2014-10-21 15:16:48.0"
"ADNI2","130_S_4343","4343","","3/3","","","","","","","","","","","2014-10-21 15:16:48.0"
"ADNI2","006_S_4346","4346","","4/4","","","","","","","","","","","2014-10-21 15:16:48.0"
"ADNI2","032_S_4348","4348","","4/4","","","","","","","","","","","2014-10-21 15:16:48.0"
"ADNI2","018_S_4349","4349","","3/3","","","","","","","","","","","2014-10-21 15:16:48.0"
"ADNI2","003_S_4350","4350","","3/3","","","","","","","","","","","2014-10-21 15:16:48.0"
"ADNI2","137_S_4351","4351","","3/4","","","","","","","","","","","2014-10-21 15:16:48.0"
"ADNI2","130_S_4352","4352","","3/3","","","","","","","","","","","2014-10-21 15:16:48.0"
"ADNI2","003_S_4354","4354","","3/3","","","","","","","","","","","2014-10-21 15:16:48.0"
"ADNI2","006_S_4357","4357","","3/3","","","","","","","","","","","2014-10-21 15:16:48.0"
"ADNI2","009_S_4359","4359","","3/4","","","","","","","","","","","2014-10-21 15:16:48.0"
"ADNI2","006_S_4363","4363","","3/3","","","","","","","","","","","2014-10-21 15:16:48.0"
"ADNI2","941_S_4365","4365","","3/3","","","","","","","","","","","2014-10-21 15:16:48.0"
"ADNI2","011_S_4366","4366","","3/4","","","","","","","","","","","2014-10-21 15:16:48.0"
"ADNI2","019_S_4367","4367","","3/4","","","","","","","","","","","2014-10-21 15:16:48.0"
"ADNI2","129_S_4369","4369","","3/3","","","","","","","","","","","2014-10-21 15:16:48.0"
"ADNI2","129_S_4371","4371","","3/4","","","","","","","","","","","2014-10-21 15:16:48.0"
"ADNI2","941_S_4376","4376","","3/3","","","","","","","","","","","2014-10-21 15:16:48.0"
"ADNI2","114_S_4379","4379","","3/3","","","","","","","","","","","2014-10-21 15:16:48.0"
"ADNI2","037_S_4381","4381","","3/4","","","","","","","","","","","2014-10-21 15:16:48.0"
"ADNI2","073_S_4382","4382","","3/3","","","","","","","","","","","2014-10-21 15:16:48.0"
"ADNI2","032_S_4386","4386","","3/3","","","","","","","","","","","2014-10-21 15:16:48.0"
"ADNI2","007_S_4387","4387","","3/4","","","","","","","","","","","2014-10-21 15:16:48.0"
"ADNI2","009_S_4388","4388","","4/4","","","","","","","","","","","2014-10-21 15:16:48.0"
"ADNI2","072_S_4391","4391","","3/3","","","","","","","","","","","2014-10-21 15:16:48.0"
"ADNI2","073_S_4393","4393","","3/3","","","","","","","","","","","2014-10-21 15:16:48.0"
"ADNI2","013_S_4395","4395","","3/3","","","","","","","","","","","2014-10-21 15:16:48.0"
"ADNI2","129_S_4396","4396","","3/3","","","","","","","","","","","2014-10-21 15:16:48.0"
"ADNI2","018_S_4399","4399","","3/4","","","","","","","","","","","2014-10-21 15:16:48.0"
"ADNI2","014_S_4401","4401","","3/4","","","","","","","","","","","2014-10-21 15:16:48.0"
"ADNI2","114_S_4404","4404","","3/3","","","","","","","","","","","2014-10-21 15:16:48.0"
"ADNI2","135_S_4406","4406","","3/3","","","","","","","","","","","2014-10-21 15:16:48.0"
"ADNI2","037_S_4410","4410","","3/3","","","","","","","","","","","2014-10-21 15:16:48.0"
"ADNI2","035_S_4414","4414","","3/4","","","","","","","","","","","2014-10-21 15:16:48.0"
"ADNI2","130_S_4415","4415","","4/4","","","","","","","","","","","2014-10-21 15:16:48.0"
"ADNI2","941_S_4420","4420","","3/3","","","","","","","","","","","2014-10-21 15:16:48.0"
"ADNI2","129_S_4422","4422","","2/3","","","","","","","","","","","2014-10-21 15:16:48.0"
"ADNI2","068_S_4424","4424","","3/4","","","","","","","","","","","2014-10-21 15:16:48.0"
"ADNI2","141_S_4426","4426","","2/3","","","","","","","","","","","2014-10-21 15:16:48.0"
"ADNI2","041_S_4427","4427","","3/3","","","","","","","","","","","2014-10-21 15:16:48.0"
"ADNI2","082_S_4428","4428","","3/3","","","","","","","","","","","2014-10-21 15:16:48.0"
"ADNI2","032_S_4429","4429","","3/3","","","","","","","","","","","2014-10-21 15:16:48.0"
"ADNI2","036_S_4430","4430","","3/3","","","","","","","","","","","2014-10-21 15:16:48.0"
"ADNI2","037_S_4432","4432","","3/3","","","","","","","","","","","2014-10-21 15:16:48.0"
"ADNI2","136_S_4433","4433","","3/4","","","","","","","","","","","2014-10-21 15:16:48.0"
"ADNI2","010_S_4442","4442","","2/4","","","","","","","","","","","2014-10-21 15:16:48.0"
"ADNI2","022_S_4444","4444","","3/3","","","","","","","","","","","2014-10-21 15:16:48.0"
"ADNI2","023_S_4448","4448","","3/3","","","","","","","","","","","2014-10-21 15:16:48.0"
"ADNI2","006_S_4449","4449","","3/3","","","","","","","","","","","2014-10-21 15:16:48.0"
"ADNI2","116_S_4453","4453","","3/3","","","","","","","","","","","2014-10-21 15:16:48.0"
"ADNI2","072_S_4462","4462","","3/3","","","","","","","","","","","2014-10-21 15:16:48.0"
"ADNI2","035_S_4464","4464","","3/4","","","","","","","","","","","2014-10-21 15:16:48.0"
"ADNI2","137_S_4466","4466","","3/3","","","","","","","","","","","2014-10-21 15:16:48.0"
"ADNI2","100_S_4469","4469","","3/4","","","","","","","","","","","2014-10-21 15:16:48.0"
"ADNI2","031_S_4474","4474","","3/3","","","","","","","","","","","2014-10-21 15:16:48.0"
"ADNI2","019_S_4477","4477","","3/4","","","","","","","","","","","2014-10-21 15:16:48.0"
"ADNI2","137_S_4482","4482","","3/3","","","","","","","","","","","2014-10-21 15:16:48.0"
"ADNI2","116_S_4483","4483","","3/3","","","","","","","","","","","2014-10-21 15:16:48.0"
"ADNI2","006_S_4485","4485","","3/3","","","","","","","","","","","2014-10-21 15:16:48.0"
"ADNI2","007_S_4488","4488","","3/3","","","","","","","","","","","2014-10-21 15:16:48.0"
"ADNI2","036_S_4491","4491","","3/3","","","","","","","","","","","2014-10-21 15:16:48.0"
"ADNI2","031_S_4496","4496","","3/4","","","","","","","","","","","2014-10-21 15:16:48.0"
"ADNI2","023_S_4501","4501","","3/4","","","","","","","","","","","2014-10-21 15:16:48.0"
"ADNI2","023_S_4502","4502","","4/4","","","","","","","","","","","2014-10-21 15:16:48.0"
"ADNI2","033_S_4505","4505","","3/3","","","","","","","","","","","2014-10-21 15:16:48.0"
"ADNI2","033_S_4508","4508","","3/3","","","","","","","","","","","2014-10-21 15:16:48.0"
"ADNI2","100_S_4512","4512","","3/3","","","","","","","","","","","2014-10-21 15:16:48.0"
"ADNI2","041_S_4513","4513","","3/4","","","","","","","","","","","2014-10-21 15:16:48.0"
"ADNI2","006_S_4515","4515","","3/4","","","","","","","","","","","2014-10-21 15:16:48.0"
"ADNI2","137_S_4520","4520","","3/3","","","","","","","","","","","2014-10-21 15:16:48.0"
"ADNI2","002_S_4521","4521","","3/4","","","","","","","","","","","2014-10-21 15:16:48.0"
"ADNI2","123_S_4526","4526","","4/4","","","","","","","","","","","2014-10-21 15:16:48.0"
"ADNI2","009_S_4530","4530","","3/4","","","","","","","","","","","2014-10-21 15:16:48.0"
"ADNI2","036_S_4538","4538","","2/4","","","","","","","","","","","2014-10-21 15:16:48.0"
"ADNI2","130_S_4542","4542","","4/4","","","","","","","","","","","2014-10-21 15:16:48.0"
"ADNI2","009_S_4543","4543","","3/3","","","","","","","","","","","2014-10-21 15:16:48.0"
"ADNI2","012_S_4545","4545","","2/3","","","","","","","","","","","2014-10-21 15:16:48.0"
"ADNI2","006_S_4546","4546","","3/4","","","","","","","","","","","2014-10-21 15:16:48.0"
"ADNI2","011_S_4547","4547","","3/3","","","","","","","","","","","2014-10-21 15:16:48.0"
"ADNI2","019_S_4549","4549","","2/3","","","","","","","","","","","2014-10-21 15:16:48.0"
"ADNI2","073_S_4552","4552","","3/4","","","","","","","","","","","2014-10-21 15:16:48.0"
"ADNI2","100_S_4556","4556","","3/3","","","","","","","","","","","2014-10-21 15:16:48.0"
"ADNI2","073_S_4559","4559","","2/3","","","","","","","","","","","2014-10-21 15:16:48.0"
"ADNI2","135_S_4566","4566","","3/4","","","","","","","","","","","2014-10-21 15:16:48.0"
"ADNI2","014_S_4576","4576","","3/3","","","","","","","","","","","2014-10-21 15:16:48.0"
"ADNI2","014_S_4577","4577","","4/4","","","","","","","","","","","2014-10-21 15:16:48.0"
"ADNI2","053_S_4578","4578","","2/3","","","","","","","","","","","2014-10-21 15:16:48.0"
"ADNI2","013_S_4580","4580","","4/4","","","","","","","","","","","2014-10-21 15:16:48.0"
"ADNI2","035_S_4582","4582","","3/4","","","","","","","","","","","2014-10-21 15:16:48.0"
"ADNI2","029_S_4585","4585","","3/4","","","","","","","","","","","2014-10-21 15:16:48.0"
"ADNI2","128_S_4586","4586","","3/3","","","","","","","","","","","2014-10-21 15:16:48.0"
"ADNI2","137_S_4587","4587","","3/4","","","","","","","","","","","2014-10-21 15:16:48.0"
"ADNI2","130_S_4589","4589","","4/4","","","","","","","","","","","2014-10-21 15:16:48.0"
"ADNI2","013_S_4595","4595","","3/3","","","","","","","","","","","2014-10-21 15:16:48.0"
"ADNI2","137_S_4596","4596","","3/3","","","","","","","","","","","2014-10-21 15:16:48.0"
"ADNI2","018_S_4597","4597","","3/3","","","","","","","","","","","2014-10-21 15:16:48.0"
"ADNI2","135_S_4598","4598","","3/3","","","","","","","","","","","2014-10-21 15:16:48.0"
"ADNI2","128_S_4599","4599","","3/4","","","","","","","","","","","2014-10-21 15:16:48.0"
"ADNI2","128_S_4607","4607","","3/4","","","","","","","","","","","2014-10-21 15:16:48.0"
"ADNI2","009_S_4612","4612","","3/4","","","","","","","","","","","2014-10-21 15:16:48.0"
"ADNI2","014_S_4615","4615","","3/3","","","","","","","","","","","2014-10-21 15:16:48.0"
"ADNI2","013_S_4616","4616","","3/3","","","","","","","","","","","2014-10-21 15:16:48.0"
"ADNI2","137_S_4623","4623","","3/4","","","","","","","","","","","2014-10-21 15:16:48.0"
"ADNI2","116_S_4625","4625","","4/4","","","","","","","","","","","2014-10-21 15:16:48.0"
"ADNI2","137_S_4631","4631","","3/3","","","","","","","","","","","2014-10-21 15:16:48.0"
"ADNI2","007_S_4637","4637","","3/3","","","","","","","","","","","2014-10-21 15:16:48.0"
"ADNI2","130_S_4641","4641","","4/4","","","","","","","","","","","2014-10-21 15:16:48.0"
"ADNI2","012_S_4643","4643","","3/3","","","","","","","","","","","2014-10-21 15:16:48.0"
"ADNI2","003_S_4644","4644","","3/4","","","","","","","","","","","2014-10-21 15:16:48.0"
"ADNI2","135_S_4657","4657","","3/4","","","","","","","","","","","2014-10-21 15:16:48.0"
"ADNI2","130_S_4660","4660","","3/4","","","","","","","","","","","2014-10-21 15:16:48.0"
"ADNI2","053_S_4661","4661","","3/4","","","","","","","","","","","2014-10-21 15:16:48.0"
"ADNI2","014_S_4668","4668","","3/4","","","","","","","","","","","2014-10-21 15:16:48.0"
"ADNI2","137_S_4672","4672","","4/4","","","","","","","","","","","2014-10-21 15:16:48.0"
"ADNI2","135_S_4676","4676","","3/4","","","","","","","","","","","2014-10-21 15:16:48.0"
"ADNI2","019_S_4680","4680","","4/4","","","","","","","","","","","2014-10-21 15:16:48.0"
"ADNI2","135_S_4689","4689","","4/4","","","","","","","","","","","2014-10-21 15:16:48.0"
"ADNI2","070_S_4692","4692","","4/4","","","","","","","","","","","2014-10-21 15:16:48.0"
"ADNI2","018_S_4696","4696","","3/4","","","","","","","","","","","2014-10-21 15:16:48.0"
"ADNI2","037_S_4706","4706","","3/4","","","","","","","","","","","2014-10-21 15:16:48.0"
"ADNI2","006_S_4713","4713","","3/4","","","","","","","","","","","2014-10-21 15:16:48.0"
"ADNI2","036_S_4714","4714","","4/4","","","","","","","","","","","2014-10-21 15:16:48.0"
"ADNI2","036_S_4715","4715","","3/3","","","","","","","","","","","2014-10-21 15:16:48.0"
"ADNI2","070_S_4719","4719","","3/4","","","","","","","","","","","2014-10-21 15:16:48.0"
"ADNI2","041_S_4720","4720","","4/4","","","","","","","","","","","2014-10-21 15:16:48.0"
"ADNI2","031_S_4721","4721","","3/3","","","","","","","","","","","2014-10-21 15:16:48.0"
"ADNI2","067_S_4728","4728","","3/4","","","","","","","","","","","2014-10-21 15:16:48.0"
"ADNI2","130_S_4730","4730","","3/4","","","","","","","","","","","2014-10-21 15:16:48.0"
"ADNI2","116_S_4732","4732","","3/3","","","","","","","","","","","2014-10-21 15:16:48.0"
"ADNI2","018_S_4733","4733","","3/4","","","","","","","","","","","2014-10-21 15:16:48.0"
"ADNI2","073_S_4739","4739","","3/3","","","","","","","","","","","2014-10-21 15:16:48.0"
"ADNI2","009_S_4741","4741","","3/3","","","","","","","","","","","2014-10-21 15:16:48.0"
"ADNI2","002_S_4746","4746","","3/3","","","","","","","","","","","2014-10-21 15:16:48.0"
"ADNI2","037_S_4750","4750","","3/3","","","","","","","","","","","2014-10-21 15:16:48.0"
"ADNI2","032_S_4755","4755","","3/3","","","","","","","","","","","2014-10-21 15:16:48.0"
"ADNI2","137_S_4756","4756","","3/4","","","","","","","","","","","2014-10-21 15:16:48.0"
"ADNI2","027_S_4757","4757","","4/4","","","","","","","","","","","2014-10-21 15:16:48.0"
"ADNI2","073_S_4762","4762","","3/3","","","","","","","","","","","2014-10-21 15:16:48.0"
"ADNI2","067_S_4767","4767","","3/4","","","","","","","","","","","2014-10-21 15:16:48.0"
"ADNI2","037_S_4770","4770","","3/4","","","","","","","","","","","2014-10-21 15:16:48.0"
"ADNI2","128_S_4774","4774","","3/3","","","","","","","","","","","2014-10-21 15:16:48.0"
"ADNI2","073_S_4777","4777","","3/3","","","","","","","","","","","2014-10-21 15:16:48.0"
"ADNI2","067_S_4782","4782","","4/4","","","","","","","","","","","2014-10-21 15:16:48.0"
"ADNI2","035_S_4783","4783","","3/4","","","","","","","","","","","2014-10-21 15:16:48.0"
"ADNI2","035_S_4784","4784","","2/3","","","","","","","","","","","2014-10-21 15:16:48.0"
"ADNI2","035_S_4785","4785","","3/3","","","","","","","","","","","2014-10-21 15:16:48.0"
"ADNI2","073_S_4795","4795","","3/3","","","","","","","","","","","2014-10-21 15:16:48.0"
"ADNI2","023_S_4796","4796","","2/3","","","","","","","","","","","2014-10-21 15:16:48.0"
"ADNI2","002_S_4799","4799","","3/3","","","","","","","","","","","2014-10-21 15:16:48.0"
"ADNI2","053_S_4813","4813","","3/3","","","","","","","","","","","2014-10-21 15:16:48.0"
"ADNI2","137_S_4815","4815","","4/4","","","","","","","","","","","2014-10-21 15:16:48.0"
"ADNI2","137_S_4816","4816","","4/4","","","","","","","","","","","2014-10-21 15:16:48.0"
"ADNI2","036_S_4820","4820","","2/2","","","","","","","","","","","2014-10-21 15:16:48.0"
"ADNI2","032_S_4823","4823","","3/3","","","","","","","","","","","2014-10-21 15:16:48.0"
"ADNI2","128_S_4832","4832","","2/3","","","","","","","","","","","2014-10-21 15:16:48.0"
"ADNI2","019_S_4835","4835","","3/3","","","","","","","","","","","2014-10-21 15:16:48.0"
"ADNI2","128_S_4842","4842","","2/3","","","","","","","","","","","2014-10-21 15:16:48.0"
"ADNI2","011_S_4845","4845","","3/4","","","","","","","","","","","2014-10-21 15:16:48.0"
"ADNI2","073_S_4853","4853","","3/4","","","","","","","","","","","2014-10-21 15:16:48.0"
"ADNI2","116_S_4855","4855","","3/4","","","","","","","","","","","2014-10-21 15:16:48.0"
"ADNI2","070_S_4856","4856","","2/3","","","","","","","","","","","2014-10-21 15:16:48.0"
"ADNI2","068_S_4859","4859","","3/4","","","","","","","","","","","2014-10-21 15:16:48.0"
"ADNI2","137_S_4862","4862","","3/3","","","","","","","","","","","2014-10-21 15:16:48.0"
"ADNI2","135_S_4863","4863","","4/4","","","","","","","","","","","2014-10-21 15:16:48.0"
"ADNI2","006_S_4867","4867","","4/4","","","","","","","","","","","2014-10-21 15:16:48.0"
"ADNI2","041_S_4874","4874","","3/4","","","","","","","","","","","2014-10-21 15:16:48.0"
"ADNI2","036_S_4878","4878","","3/3","","","","","","","","","","","2014-10-21 15:16:48.0"
"ADNI2","037_S_4879","4879","","4/4","","","","","","","","","","","2014-10-21 15:16:48.0"
"ADNI2","011_S_4893","4893","","3/4","","","","","","","","","","","2014-10-21 15:16:48.0"
"ADNI2","036_S_4894","4894","","3/4","","","","","","","","","","","2014-10-21 15:16:48.0"
"ADNI2","036_S_4899","4899","","3/4","","","","","","","","","","","2014-10-21 15:16:48.0"
"ADNI2","003_S_4900","4900","","3/3","","","","","","","","","","","2014-10-21 15:16:48.0"
"ADNI2","016_S_4902","4902","","3/4","","","","","","","","","","","2014-10-21 15:16:48.0"
"ADNI2","024_S_4905","4905","","3/4","","","","","","","","","","","2014-10-21 15:16:48.0"
"ADNI2","011_S_4906","4906","","3/3","","","","","","","","","","","2014-10-21 15:16:48.0"
"ADNI2","067_S_4918","4918","","3/4","","","","","","","","","","","2014-10-21 15:16:48.0"
"ADNI2","032_S_4921","4921","","3/3","","","","","","","","","","","2014-10-21 15:16:48.0"
"ADNI2","051_S_4929","4929","","3/4","","","","","","","","","","","2014-10-21 15:16:48.0"
"ADNI2","031_S_4947","4947","","3/4","","","","","","","","","","","2014-10-21 15:16:48.0"
"ADNI2","011_S_4949","4949","","4/4","","","","","","","","","","","2014-10-21 15:16:48.0"
"ADNI2","016_S_4951","4951","","3/4","","","","","","","","","","","2014-10-21 15:16:48.0"
"ADNI2","016_S_4952","4952","","3/4","","","","","","","","","","","2014-10-21 15:16:48.0"
"ADNI2","135_S_4954","4954","","4/4","","","","","","","","","","","2014-10-21 15:16:48.0"
"ADNI2","009_S_4958","4958","","3/4","","","","","","","","","","","2014-10-21 15:16:48.0"
"ADNI2","006_S_4960","4960","","3/4","","","","","","","","","","","2014-10-21 15:16:48.0"
"ADNI2","130_S_4971","4971","","3/4","","","","","","","","","","","2014-10-21 15:16:48.0"
"ADNI2","041_S_4974","4974","","3/3","","","","","","","","","","","2014-10-21 15:16:48.0"
"ADNI2","051_S_4980","4980","","3/4","","","","","","","","","","","2014-10-21 15:16:48.0"
"ADNI2","130_S_4982","4982","","4/4","","","","","","","","","","","2014-10-21 15:16:48.0"
"ADNI2","130_S_4984","4984","","3/4","","","","","","","","","","","2014-10-21 15:16:48.0"
"ADNI2","130_S_4990","4990","","3/4","","","","","","","","","","","2014-10-21 15:16:48.0"
"ADNI2","099_S_4994","4994","","3/4","","","","","","","","","","","2014-10-21 15:16:48.0"
"ADNI2","130_S_4997","4997","","3/3","","","","","","","","","","","2014-10-21 15:16:48.0"
"ADNI2","051_S_5005","5005","","4/4","","","","","","","","","","","2014-10-21 15:16:48.0"
"ADNI2","130_S_5006","5006","","3/4","","","","","","","","","","","2014-10-21 15:16:48.0"
"ADNI2","019_S_5012","5012","","4/4","","","","","","","","","","","2014-10-21 15:16:48.0"
"ADNI2","033_S_5013","5013","","3/3","","","","","","","","","","","2014-10-21 15:16:48.0"
"ADNI2","135_S_5015","5015","","3/4","","","","","","","","","","","2014-10-21 15:16:48.0"
"ADNI2","073_S_5016","5016","","4/4","","","","","","","","","","","2014-10-21 15:16:48.0"
"ADNI2","033_S_5017","5017","","3/4","","","","","","","","","","","2014-10-21 15:16:48.0"
"ADNI2","002_S_5018","5018","","4/4","","","","","","","","","","","2014-10-21 15:16:48.0"
"ADNI2","019_S_5019","5019","","4/4","","","","","","","","","","","2014-10-21 15:16:48.0"
"ADNI2","073_S_5023","5023","","3/3","","","","","","","","","","","2014-10-21 15:16:48.0"
"ADNI2","041_S_5026","5026","","3/4","","","","","","","","","","","2014-10-21 15:16:48.0"
"ADNI2","009_S_5027","5027","","3/3","","","","","","","","","","","2014-10-21 15:16:48.0"
"ADNI2","082_S_5029","5029","","4/4","","","","","","","","","","","2014-10-21 15:16:48.0"
"ADNI2","009_S_5037","5037","","3/4","","","","","","","","","","","2014-10-21 15:16:48.0"
"ADNI2","070_S_5040","5040","","3/3","","","","","","","","","","","2014-10-21 15:16:48.0"
"ADNI2","114_S_5047","5047","","4/4","","","","","","","","","","","2014-10-21 15:16:48.0"
"ADNI2","024_S_5054","5054","","3/4","","","","","","","","","","","2014-10-21 15:16:48.0"
"ADNI2","016_S_5057","5057","","2/3","","","","","","","","","","","2014-10-21 15:16:48.0"
"ADNI2","130_S_5059","5059","","3/4","","","","","","","","","","","2014-10-21 15:16:48.0"
"ADNI2","036_S_5063","5063","","2/4","","","","","","","","","","","2014-10-21 15:16:48.0"
"ADNI2","053_S_5070","5070","","3/3","","","","","","","","","","","2014-10-21 15:16:48.0"
"ADNI2","100_S_5075","5075","","3/3","","","","","","","","","","","2014-10-21 15:16:48.0"
"ADNI2","041_S_5078","5078","","2/3","","","","","","","","","","","2014-10-21 15:16:48.0"
"ADNI2","041_S_5082","5082","","3/3","","","","","","","","","","","2014-10-21 15:16:48.0"
"ADNI2","033_S_5087","5087","","3/3","","","","","","","","","","","2014-10-21 15:16:48.0"
"ADNI2","073_S_5090","5090","","4/4","","","","","","","","","","","2014-10-21 15:16:48.0"
"ADNI2","100_S_5091","5091","","3/3","","","","","","","","","","","2014-10-21 15:16:48.0"
"ADNI2","027_S_5093","5093","","3/3","","","","","","","","","","","2014-10-21 15:16:48.0"
"ADNI2","100_S_5096","5096","","3/4","","","","","","","","","","","2014-10-21 15:16:48.0"
"ADNI2","041_S_5097","5097","","3/3","","","","","","","","","","","2014-10-21 15:16:48.0"
"ADNI2","041_S_5100","5100","","3/3","","","","","","","","","","","2014-10-21 15:16:48.0"
"ADNI2","100_S_5102","5102","","2/4","","","","","","","","","","","2014-10-21 15:16:48.0"
"ADNI2","100_S_5106","5106","","3/3","","","","","","","","","","","2014-10-21 15:16:48.0"
"ADNI2","036_S_5112","5112","","3/4","","","","","","","","","","","2014-10-21 15:16:48.0"
"ADNI2","135_S_5113","5113","","3/3","","","","","","","","","","","2014-10-21 15:16:48.0"
"ADNI2","023_S_5120","5120","","3/4","","","","","","","","","","","2014-10-21 15:16:48.0"
"ADNI2","012_S_5121","5121","","2/3","","","","","","","","","","","2014-10-21 15:16:48.0"
"ADNI2","128_S_5123","5123","","3/4","","","","","","","","","","","2014-10-21 15:16:48.0"
"ADNI2","941_S_5124","5124","","3/3","","","","","","","","","","","2014-10-21 15:16:48.0"
"ADNI2","009_S_5125","5125","","3/3","","","","","","","","","","","2014-10-21 15:16:48.0"
"ADNI2","003_S_5130","5130","","3/4","","","","","","","","","","","2014-10-21 15:16:48.0"
"ADNI2","131_S_5138","5138","","3/3","","","","","","","","","","","2014-10-21 15:16:48.0"
"ADNI2","020_S_5140","5140","","3/3","","","","","","","","","","","2014-10-21 15:16:48.0"
"ADNI2","041_S_5141","5141","","2/3","","","","","","","","","","","2014-10-21 15:16:48.0"
"ADNI2","130_S_5142","5142","","3/3","","","","","","","","","","","2014-10-21 15:16:48.0"
"ADNI2","009_S_5147","5147","","3/3","","","","","","","","","","","2014-10-21 15:16:48.0"
"ADNI2","131_S_5148","5148","","3/4","","","","","","","","","","","2014-10-21 15:16:48.0"
"ADNI2","006_S_5153","5153","","3/3","","","","","","","","","","","2014-10-21 15:16:48.0"
"ADNI2","003_S_5154","5154","","3/4","","","","","","","","","","","2014-10-21 15:16:48.0"
"ADNI2","012_S_5157","5157","","3/3","","","","","","","","","","","2014-10-21 15:16:48.0"
"ADNI2","067_S_5159","5159","","3/4","","","","","","","","","","","2014-10-21 15:16:48.0"
"ADNI2","037_S_5162","5162","","3/3","","","","","","","","","","","2014-10-21 15:16:48.0"
"ADNI2","073_S_5167","5167","","2/3","","","","","","","","","","","2014-10-21 15:16:48.0"
"ADNI2","027_S_5169","5169","","3/4","","","","","","","","","","","2014-10-21 15:16:48.0"
"ADNI2","027_S_5170","5170","","3/3","","","","","","","","","","","2014-10-21 15:16:48.0"
"ADNI2","013_S_5171","5171","","3/3","","","","","","","","","","","2014-10-21 15:16:48.0"
"ADNI2","130_S_5175","5175","","3/3","","","","","","","","","","","2014-10-21 15:16:48.0"
"ADNI2","009_S_5176","5176","","3/4","","","","","","","","","","","2014-10-21 15:16:48.0"
"ADNI2","002_S_5178","5178","","2/3","","","","","","","","","","","2014-10-21 15:16:48.0"
"ADNI2","941_S_5193","5193","","3/3","","","","","","","","","","","2014-10-21 15:16:48.0"
"ADNI2","012_S_5195","5195","","2/4","","","","","","","","","","","2014-10-21 15:16:48.0"
"ADNI2","033_S_5198","5198","","3/4","","","","","","","","","","","2014-10-21 15:16:48.0"
"ADNI2","053_S_5202","5202","","3/4","","","","","","","","","","","2014-10-21 15:16:48.0"
"ADNI2","020_S_5203","5203","","3/3","","","","","","","","","","","2014-10-21 15:16:48.0"
"ADNI2","041_S_5204","5204","","3/3","","","","","","","","","","","2014-10-21 15:16:48.0"
"ADNI2","067_S_5205","5205","","3/3","","","","","","","","","","","2014-10-21 15:16:48.0"
"ADNI2","072_S_5207","5207","","3/3","","","","","","","","","","","2014-10-21 15:16:48.0"
"ADNI2","053_S_5208","5208","","2/3","","","","","","","","","","","2014-10-21 15:16:48.0"
"ADNI2","036_S_5210","5210","","3/4","","","","","","","","","","","2014-10-21 15:16:48.0"
"ADNI2","012_S_5213","5213","","3/3","","","","","","","","","","","2014-10-21 15:16:48.0"
"ADNI2","037_S_5222","5222","","2/3","","","","","","","","","","","2014-10-21 15:16:48.0"
"ADNI2","009_S_5224","5224","","3/3","","","","","","","","","","","2014-10-21 15:16:48.0"
"ADNI2","073_S_5227","5227","","3/4","","","","","","","","","","","2014-10-21 15:16:48.0"
"ADNI2","002_S_5230","5230","","3/4","","","","","","","","","","","2014-10-21 15:16:48.0"
"ADNI2","130_S_5231","5231","","3/3","","","","","","","","","","","2014-10-21 15:16:48.0"
"ADNI2","114_S_5234","5234","","3/3","","","","","","","","","","","2014-10-21 15:16:48.0"
"ADNI2","033_S_5235","5235","","3/3","","","","","","","","","","","2014-10-21 15:16:48.0"
"ADNI2","023_S_5241","5241","","3/3","","","","","","","","","","","2014-10-21 15:16:48.0"
"ADNI2","019_S_5242","5242","","3/3","","","","","","","","","","","2014-10-21 15:16:48.0"
"ADNI2","041_S_5244","5244","","2/3","","","","","","","","","","","2014-10-21 15:16:48.0"
"ADNI2","036_S_5248","5248","","3/3","","","","","","","","","","","2014-10-21 15:16:48.0"
"ADNI2","009_S_5252","5252","","3/3","","","","","","","","","","","2014-10-21 15:16:48.0"
"ADNI2","041_S_5253","5253","","3/4","","","","","","","","","","","2014-10-21 15:16:48.0"
"ADNI2","002_S_5256","5256","","3/4","","","","","","","","","","","2014-10-21 15:16:48.0"
"ADNI2","130_S_5258","5258","","2/3","","","","","","","","","","","2014-10-21 15:16:48.0"
"ADNI2","033_S_5259","5259","","3/3","","","","","","","","","","","2014-10-21 15:16:48.0"
"ADNI2","153_S_5261","5261","","2/4","","","","","","","","","","","2014-10-21 15:16:48.0"
"ADNI2","032_S_5263","5263","","3/4","","","","","","","","","","","2014-10-21 15:16:48.0"
"ADNI2","007_S_5265","5265","","3/3","","","","","","","","","","","2014-10-21 15:16:48.0"
"ADNI2","153_S_5267","5267","","3/4","","","","","","","","","","","2014-10-21 15:16:48.0"
"ADNI2","135_S_5269","5269","","3/4","","","","","","","","","","","2014-10-21 15:16:48.0"
"ADNI2","036_S_5271","5271","","3/3","","","","","","","","","","","2014-10-21 15:16:48.0"
"ADNI2","053_S_5272","5272","","3/3","","","","","","","","","","","2014-10-21 15:16:48.0"
"ADNI2","135_S_5275","5275","","3/4","","","","","","","","","","","2014-10-21 15:16:48.0"
"ADNI2","082_S_5278","5278","","3/4","","","","","","","","","","","2014-10-21 15:16:48.0"
"ADNI2","082_S_5279","5279","","3/3","","","","","","","","","","","2014-10-21 15:16:48.0"
"ADNI2","100_S_5280","5280","","3/3","","","","","","","","","","","2014-10-21 15:16:48.0"
"ADNI2","082_S_5282","5282","","3/4","","","","","","","","","","","2014-10-21 15:16:48.0"
"ADNI2","036_S_5283","5283","","3/4","","","","","","","","","","","2014-10-21 15:16:48.0"
"ADNI2","051_S_5285","5285","","3/3","","","","","","","","","","","2014-10-21 15:16:48.0"
"ADNI2","053_S_5287","5287","","3/3","","","","","","","","","","","2014-10-21 15:16:48.0"
"ADNI2","032_S_5289","5289","","3/4","","","","","","","","","","","2014-10-21 15:16:48.0"
"ADNI2","024_S_5290","5290","","3/4","","","","","","","","","","","2014-10-21 15:16:48.0"
"ADNI2","053_S_5296","5296","","3/3","","","","","","","","","","","2016-04-29 09:17:48.0"
"ADNI3","024_S_6005","6005","","3/4","","","","","","","","","","","2019-04-16 17:26:21.0"
"ADNI3","002_S_6007","6007","","4/4","","","","","","","","","","","2019-04-16 17:26:21.0"
"ADNI3","141_S_6008","6008","","3/3","","","","","","","","","","","2019-04-16 17:26:21.0"
"ADNI3","002_S_6009","6009","","3/4","","","","","","","","","","","2019-04-16 17:26:21.0"
"ADNI3","022_S_6013","6013","","3/3","","","","","","","","","","","2019-04-16 17:26:21.0"
"ADNI3","003_S_6014","6014","","3/3","","","","","","","","","","","2019-04-16 17:26:21.0"
"ADNI3","141_S_6015","6015","","3/3","","","","","","","","","","","2019-04-16 17:26:21.0"
"ADNI3","130_S_6019","6019","","3/3","","","","","","","","","","","2019-04-16 17:26:21.0"
"ADNI3","002_S_6030","6030","","3/4","","","","","","","","","","","2019-04-16 17:26:21.0"
"ADNI3","037_S_6031","6031","","4/4","","","","","","","","","","","2019-04-16 17:26:21.0"
"ADNI3","024_S_6033","6033","","3/3","","","","","","","","","","","2019-04-16 17:26:21.0"
"ADNI3","130_S_6035","6035","","3/4","","","","","","","","","","","2019-04-16 17:26:21.0"
"ADNI3","130_S_6037","6037","","2/3","","","","","","","","","","","2019-04-16 17:26:21.0"
"ADNI3","114_S_6039","6039","","3/3","","","","","","","","","","","2019-04-16 17:26:21.0"
"ADNI3","941_S_6044","6044","","4/4","","","","","","","","","","","2019-04-16 17:26:21.0"
"ADNI3","067_S_6045","6045","","2/3","","","","","","","","","","","2019-04-16 17:26:21.0"
"ADNI3","037_S_6046","6046","","3/3","","","","","","","","","","","2019-04-16 17:26:21.0"
"ADNI3","168_S_6049","6049","","3/4","","","","","","","","","","","2019-04-16 17:26:21.0"
"ADNI3","002_S_6053","6053","","2/3","","","","","","","","","","","2019-04-16 17:26:21.0"
"ADNI3","941_S_6054","6054","","3/3","","","","","","","","","","","2019-04-16 17:26:21.0"
"ADNI3","114_S_6057","6057","","3/3","","","","","","","","","","","2019-04-16 17:26:21.0"
"ADNI3","941_S_6058","6058","","3/3","","","","","","","","","","","2019-04-16 17:26:21.0"
"ADNI3","168_S_6059","6059","","3/3","","","","","","","","","","","2019-04-16 17:26:21.0"
"ADNI3","141_S_6061","6061","","3/3","","","","","","","","","","","2019-04-16 17:26:21.0"
"ADNI3","168_S_6062","6062","","3/3","","","","","","","","","","","2019-04-16 17:26:21.0"
"ADNI3","114_S_6063","6063","","3/4","","","","","","","","","","","2019-04-16 17:26:21.0"
"ADNI3","168_S_6065","6065","","3/4","","","","","","","","","","","2019-04-16 17:26:21.0"
"ADNI3","002_S_6066","6066","","2/4","","","","","","","","","","","2023-11-11 04:20:41.0"
"ADNI3","003_S_6067","6067","","3/3","","","","","","","","","","","2019-04-16 17:26:21.0"
"ADNI3","941_S_6068","6068","","3/4","","","","","","","","","","","2019-04-16 17:26:21.0"
"ADNI3","022_S_6069","6069","","3/4","","","","","","","","","","","2019-04-16 17:26:21.0"
"ADNI3","130_S_6072","6072","","2/4","","","","","","","","","","","2019-04-16 17:26:21.0"
"ADNI3","012_S_6073","6073","","3/3","","","","","","","","","","","2019-04-16 17:26:21.0"
"ADNI3","014_S_6076","6076","","3/4","","","","","","","","","","","2019-04-16 17:26:21.0"
"ADNI3","941_S_6080","6080","","2/3","","","","","","","","","","","2019-04-16 17:26:21.0"
"ADNI3","168_S_6085","6085","","3/3","","","","","","","","","","","2019-04-16 17:26:21.0"
"ADNI3","036_S_6088","6088","","3/4","","","","","","","","","","","2019-04-16 17:26:21.0"
"ADNI3","941_S_6094","6094","","3/3","","","","","","","","","","","2019-04-16 17:26:21.0"
"ADNI3","002_S_6103","6103","","3/3","","","","","","","","","","","2019-04-16 17:26:21.0"
"ADNI3","130_S_6105","6105","","3/3","","","","","","","","","","","2019-04-16 17:26:21.0"
"ADNI3","130_S_6111","6111","","3/3","","","","","","","","","","","2019-04-16 17:26:21.0"
"ADNI3","114_S_6113","6113","","2/3","","","","","","","","","","","2019-04-16 17:26:21.0"
"ADNI3","037_S_6115","6115","","3/4","","","","","","","","","","","2019-04-16 17:26:21.0"
"ADNI3","141_S_6116","6116","","3/3","","","","","","","","","","","2019-04-16 17:26:21.0"
"ADNI3","123_S_6118","6118","","3/3","","","","","","","","","","","2019-04-16 17:26:21.0"
"ADNI3","116_S_6119","6119","","3/3","","","","","","","","","","","2019-04-16 17:26:21.0"
"ADNI3","007_S_6120","6120","","2/3","","","","","","","","","","","2019-04-16 17:26:21.0"
"ADNI3","037_S_6125","6125","","3/4","","","","","","","","","","","2019-04-16 17:26:21.0"
"ADNI3","168_S_6131","6131","","3/4","","","","","","","","","","","2019-04-16 17:26:21.0"
"ADNI3","116_S_6133","6133","","3/4","","","","","","","","","","","2019-04-16 17:26:21.0"
"ADNI3","041_S_6136","6136","","3/4","","","","","","","","","","","2019-04-16 17:26:21.0"
"ADNI3","037_S_6144","6144","","3/3","","","","","","","","","","","2019-04-16 17:26:21.0"
"ADNI3","014_S_6145","6145","","3/3","","","","","","","","","","","2019-04-16 17:26:21.0"
"ADNI3","014_S_6148","6148","","2/3","","","","","","","","","","","2019-04-16 17:26:21.0"
"ADNI3","168_S_6151","6151","","3/3","","","","","","","","","","","2019-04-16 17:26:21.0"
"ADNI3","305_S_6157","6157","","3/4","","","","","","","","","","","2019-04-16 17:26:21.0"
"ADNI3","130_S_6161","6161","","3/4","","","","","","","","","","","2019-04-16 17:26:21.0"
"ADNI3","100_S_6164","6164","","3/3","","","","","","","","","","","2019-04-16 17:26:21.0"
"ADNI3","141_S_6178","6178","","3/4","","","","","","","","","","","2019-04-16 17:26:21.0"
"ADNI3","036_S_6179","6179","","3/3","","","","","","","","","","","2019-04-16 17:26:21.0"
"ADNI3","024_S_6184","6184","","3/3","","","","","","","","","","","2019-04-16 17:26:21.0"
"ADNI3","020_S_6185","6185","","3/3","","","","","","","","","","","2019-04-16 17:26:21.0"
"ADNI3","019_S_6186","6186","","3/3","","","","","","","","","","","2019-04-16 17:26:21.0"
"ADNI3","037_S_6187","6187","","3/3","","","","","","","","","","","2019-04-16 17:26:21.0"
"ADNI3","305_S_6188","6188","","3/3","","","","","","","","","","","2019-04-16 17:26:21.0"
"ADNI3","036_S_6189","6189","","3/3","","","","","","","","","","","2019-04-16 17:26:21.0"
"ADNI3","041_S_6192","6192","","3/3","","","","","","","","","","","2019-04-16 17:26:21.0"
"ADNI3","082_S_6197","6197","","2/4","","","","","","","","","","","2019-04-16 17:26:21.0"
"ADNI3","014_S_6199","6199","","4/4","","","","","","","","","","","2019-04-16 17:26:21.0"
"ADNI3","035_S_6200","6200","","2/3","","","","","","","","","","","2019-04-16 17:26:21.0"
"ADNI3","024_S_6202","6202","","3/3","","","","","","","","","","","2019-04-16 17:26:21.0"
"ADNI3","037_S_6204","6204","","3/3","","","","","","","","","","","2019-04-16 17:26:21.0"
"ADNI3","018_S_6207","6207","","3/3","","","","","","","","","","","2019-04-16 17:26:21.0"
"ADNI3","037_S_6216","6216","","4/4","","","","","","","","","","","2019-04-16 17:26:21.0"
"ADNI3","037_S_6222","6222","","3/4","","","","","","","","","","","2019-04-16 17:26:21.0"
"ADNI3","301_S_6224","6224","","3/3","","","","","","","","","","","2019-04-16 17:26:21.0"
"ADNI3","041_S_6226","6226","","3/4","","","","","","","","","","","2019-04-16 17:26:21.0"
"ADNI3","020_S_6227","6227","","3/3","","","","","","","","","","","2019-04-16 17:26:21.0"
"ADNI3","036_S_6231","6231","","3/4","","","","","","","","","","","2019-04-16 17:26:21.0"
"ADNI3","168_S_6233","6233","","3/3","","","","","","","","","","","2019-04-16 17:26:21.0"
"ADNI3","006_S_6234","6234","","3/4","","","","","","","","","","","2019-04-16 17:26:21.0"
"ADNI3","070_S_6236","6236","","3/3","","","","","","","","","","","2019-04-16 17:26:21.0"
"ADNI3","141_S_6240","6240","","3/3","","","","","","","","","","","2019-04-16 17:26:21.0"
"ADNI3","127_S_6241","6241","","3/3","","","","","","","","","","","2019-04-16 17:26:21.0"
"ADNI3","006_S_6243","6243","","3/3","","","","","","","","","","","2019-04-16 17:26:21.0"
"ADNI3","094_S_6250","6250","","3/4","","","","","","","","","","","2019-04-16 17:26:21.0"
"ADNI3","114_S_6251","6251","","4/4","","","","","","","","","","","2019-04-16 17:26:21.0"
"ADNI3","006_S_6252","6252","","3/4","","","","","","","","","","","2019-04-16 17:26:21.0"
"ADNI3","141_S_6253","6253","","3/3","","","","","","","","","","","2019-04-16 17:26:21.0"
"ADNI3","007_S_6255","6255","","3/4","","","","","","","","","","","2019-04-16 17:26:21.0"
"ADNI3","003_S_6256","6256","","3/4","","","","","","","","","","","2019-04-16 17:26:21.0"
"ADNI3","003_S_6259","6259","","3/4","","","","","","","","","","","2019-04-16 17:26:21.0"
"ADNI3","003_S_6260","6260","","3/3","","","","","","","","","","","2019-04-16 17:26:21.0"
"ADNI3","003_S_6264","6264","","4/4","","","","","","","","","","","2019-04-16 17:26:21.0"
"ADNI3","033_S_6266","6266","","3/3","","","","","","","","","","","2019-04-16 17:26:21.0"
"ADNI3","037_S_6271","6271","","3/3","","","","","","","","","","","2019-04-16 17:26:21.0"
"ADNI3","094_S_6275","6275","","3/3","","","","","","","","","","","2019-04-16 17:26:21.0"
"ADNI3","006_S_6277","6277","","3/3","","","","","","","","","","","2019-04-16 17:26:21.0"
"ADNI3","082_S_6283","6283","","4/4","","","","","","","","","","","2019-04-16 17:26:21.0"
"ADNI3","082_S_6287","6287","","3/3","","","","","","","","","","","2019-04-16 17:26:21.0"
"ADNI3","006_S_6291","6291","","3/3","","","","","","","","","","","2019-04-16 17:26:21.0"
"ADNI3","041_S_6292","6292","","2/3","","","","","","","","","","","2019-04-16 17:26:21.0"
"ADNI3","032_S_6293","6293","","3/3","","","","","","","","","","","2019-04-16 17:26:21.0"
"ADNI3","032_S_6294","6294","","3/3","","","","","","","","","","","2019-04-16 17:26:21.0"
"ADNI3","301_S_6297","6297","","3/3","","","","","","","","","","","2019-04-16 17:26:21.0"
"ADNI3","033_S_6298","6298","","3/3","","","","","","","","","","","2019-04-16 17:26:21.0"
"ADNI3","011_S_6303","6303","","3/3","","","","","","","","","","","2019-04-16 17:26:21.0"
"ADNI3","003_S_6307","6307","","3/4","","","","","","","","","","","2019-04-16 17:26:21.0"
"ADNI3","100_S_6308","6308","","3/3","","","","","","","","","","","2019-04-16 17:26:21.0"
"ADNI3","114_S_6309","6309","","3/3","","","","","","","","","","","2019-04-16 17:26:21.0"
"ADNI3","007_S_6310","6310","","3/4","","","","","","","","","","","2019-04-16 17:26:21.0"
"ADNI3","305_S_6313","6313","","3/3","","","","","","","","","","","2019-04-16 17:26:21.0"
"ADNI3","041_S_6314","6314","","3/3","","","","","","","","","","","2019-04-16 17:26:21.0"
"ADNI3","036_S_6316","6316","","3/4","","","","","","","","","","","2019-04-16 17:26:21.0"
"ADNI3","168_S_6318","6318","","3/3","","","","","","","","","","","2019-04-16 17:26:21.0"
"ADNI3","168_S_6320","6320","","3/3","","","","","","","","","","","2019-04-16 17:26:21.0"
"ADNI3","168_S_6321","6321","","3/3","","","","","","","","","","","2019-04-16 17:26:21.0"
"ADNI3","007_S_6323","6323","","3/3","","","","","","","","","","","2019-04-16 17:26:21.0"
"ADNI3","301_S_6326","6326","","3/3","","","","","","","","","","","2019-04-16 17:26:21.0"
"ADNI3","941_S_6333","6333","","3/4","","","","","","","","","","","2019-04-16 17:26:21.0"
"ADNI3","177_S_6335","6335","","3/3","","","","","","","","","","","2019-04-16 17:26:21.0"
"ADNI3","007_S_6341","6341","","3/4","","","","","","","","","","","2019-04-16 17:26:21.0"
"ADNI3","941_S_6345","6345","","3/4","","","","","","","","","","","2019-04-16 17:26:21.0"
"ADNI3","023_S_6346","6346","","3/3","","","","","","","","","","","2019-04-16 17:26:21.0"
"ADNI3","114_S_6347","6347","","3/4","","","","","","","","","","","2019-04-16 17:26:21.0"
"ADNI3","100_S_6349","6349","","3/3","","","","","","","","","","","2019-04-16 17:26:21.0"
"ADNI3","041_S_6354","6354","","2/4","","","","","","","","","","","2019-04-16 17:26:21.0"
"ADNI3","020_S_6358","6358","","3/4","","","","","","","","","","","2019-04-16 17:26:21.0"
"ADNI3","135_S_6359","6359","","3/4","","","","","","","","","","","2019-04-16 17:26:21.0"
"ADNI3","098_S_6362","6362","","3/3","","","","","","","","","","","2019-04-16 17:26:21.0"
"ADNI3","011_S_6367","6367","","3/3","","","","","","","","","","","2019-04-16 17:26:21.0"
"ADNI3","023_S_6374","6374","","3/3","","","","","","","","","","","2019-04-16 17:26:21.0"
"ADNI3","006_S_6375","6375","","3/3","","","","","","","","","","","2019-04-16 17:26:21.0"
"ADNI3","016_S_6381","6381","","3/3","","","","","","","","","","","2019-04-16 17:26:21.0"
"ADNI3","941_S_6384","6384","","3/3","","","","","","","","","","","2019-04-16 17:26:21.0"
"ADNI3","024_S_6385","6385","","3/3","","","","","","","","","","","2019-04-16 17:26:21.0"
"ADNI3","005_S_6393","6393","","4/4","","","","","","","","","","","2019-04-16 17:26:21.0"
"ADNI3","023_S_6399","6399","","3/4","","","","","","","","","","","2019-04-16 17:26:21.0"
"ADNI3","023_S_6400","6400","","3/4","","","","","","","","","","","2019-04-16 17:26:21.0"
"ADNI3","041_S_6401","6401","","3/4","","","","","","","","","","","2019-04-16 17:26:21.0"
"ADNI3","168_S_6413","6413","","2/4","","","","","","","","","","","2019-04-16 17:26:21.0"
"ADNI3","018_S_6414","6414","","3/4","","","","","","","","","","","2019-04-16 17:26:21.0"
"ADNI3","141_S_6416","6416","","3/4","","","","","","","","","","","2019-04-16 17:26:21.0"
"ADNI3","094_S_6417","6417","","3/4","","","","","","","","","","","2019-04-16 17:26:21.0"
"ADNI3","011_S_6418","6418","","3/3","","","","","","","","","","","2019-04-16 17:26:21.0"
"ADNI3","941_S_6422","6422","","3/3","","","","","","","","","","","2019-04-16 17:26:21.0"
"ADNI3","141_S_6423","6423","","3/3","","","","","","","","","","","2019-04-16 17:26:21.0"
"ADNI3","014_S_6424","6424","","2/3","","","","","","","","","","","2019-04-16 17:26:21.0"
"ADNI3","114_S_6429","6429","","3/3","","","","","","","","","","","2019-04-16 17:26:21.0"
"ADNI3","067_S_6442","6442","","3/3","","","","","","","","","","","2019-04-16 17:26:21.0"
"ADNI3","941_S_6454","6454","","3/4","","","","","","","","","","","2019-04-16 17:26:21.0"
"ADNI3","007_S_6455","6455","","3/4","","","","","","","","","","","2019-04-16 17:26:21.0"
"ADNI3","002_S_6456","6456","","2/3","","","","","","","","","","","2019-04-16 17:26:21.0"
"ADNI3","011_S_6465","6465","","3/3","","","","","","","","","","","2019-04-16 17:26:21.0"
"ADNI3","168_S_6467","6467","","3/3","","","","","","","","","","","2019-04-16 17:26:21.0"
"ADNI3","094_S_6468","6468","","3/4","","","","","","","","","","","2019-04-16 17:26:21.0"
"ADNI3","020_S_6470","6470","","3/4","","","","","","","","","","","2019-04-16 17:26:21.0"
"ADNI3","024_S_6472","6472","","3/3","","","","","","","","","","","2019-04-16 17:26:21.0"
"ADNI3","019_S_6483","6483","","4/4","","","","","","","","","","","2019-04-16 17:26:21.0"
"ADNI3","094_S_6485","6485","","2/3","","","","","","","","","","","2019-04-16 17:26:21.0"
"ADNI3","100_S_6493","6493","","3/4","","","","","","","","","","","2019-04-16 17:26:21.0"
"ADNI3","941_S_6499","6499","","3/3","","","","","","","","","","","2019-04-16 17:26:21.0"
"ADNI3","020_S_6504","6504","","3/3","","","","","","","","","","","2019-04-16 17:26:21.0"
"ADNI3","135_S_6510","6510","","3/4","","","","","","","","","","","2019-04-16 17:26:21.0"
"ADNI3","020_S_6513","6513","","3/4","","","","","","","","","","","2019-04-16 17:26:21.0"
"ADNI3","941_S_6514","6514","","3/3","","","","","","","","","","","2019-04-16 17:26:21.0"
"ADNI3","007_S_6515","6515","","3/3","","","","","","","","","","","2019-04-16 17:26:21.0"
"ADNI3","027_S_6516","6516","","3/3","","","","","","","","","","","2019-04-16 17:26:21.0"
"ADNI3","014_S_6522","6522","","2/3","","","","","","","","","","","2019-04-16 17:26:21.0"
"ADNI3","067_S_6529","6529","","3/4","","","","","","","","","","","2019-04-16 17:26:21.0"
"ADNI3","098_S_6534","6534","","3/3","","","","","","","","","","","2019-04-16 17:26:21.0"
"ADNI3","070_S_6542","6542","","3/3","","","","","","","","","","","2019-04-16 17:26:21.0"
"ADNI3","941_S_6546","6546","","3/4","","","","","","","","","","","2019-04-16 17:26:21.0"
"ADNI3","070_S_6548","6548","","3/3","","","","","","","","","","","2019-04-16 17:26:21.0"
"ADNI3","082_S_6564","6564","","3/4","","","","","","","","","","","2023-11-11 04:20:41.0"
"ADNI3","033_S_6572","6572","","3/3","","","","","","","","","","","2019-04-16 17:26:21.0"
"ADNI3","019_S_6573","6573","","3/3","","","","","","","","","","","2019-04-16 17:26:21.0"
"ADNI3","100_S_6578","6578","","3/3","","","","","","","","","","","2019-04-16 17:26:21.0"
"ADNI3","941_S_6580","6580","","3/3","","","","","","","","","","","2019-04-16 17:26:21.0"
"ADNI3","941_S_6581","6581","","3/3","","","","","","","","","","","2019-04-16 17:26:21.0"
"ADNI3","027_S_6582","6582","","2/4","","","","","","","","","","","2019-04-16 17:26:21.0"
"ADNI3","168_S_6142","6142","","3/3","","","","","","","","","","","2020-05-05 14:20:06.0"
"ADNI3","098_S_6343","6343","","3/3","","","","","","","","","","","2020-05-05 14:20:06.0"
"ADNI3","014_S_6437","6437","","3/3","","","","","","","","","","","2020-05-05 14:20:06.0"
"ADNI3","067_S_6443","6443","","3/3","","","","","","","","","","","2020-05-05 14:20:06.0"
"ADNI3","020_S_6449","6449","","3/4","","","","","","","","","","","2023-11-11 04:20:41.0"
"ADNI3","114_S_6462","6462","","3/4","","","","","","","","","","","2023-11-11 04:20:41.0"
"ADNI3","114_S_6487","6487","","3/3","","","","","","","","","","","2020-05-05 14:20:06.0"
"ADNI3","067_S_6518","6518","","3/4","","","","","","","","","","","2023-11-11 04:20:41.0"
"ADNI3","007_S_6521","6521","","3/4","","","","","","","","","","","2023-11-11 04:20:41.0"
"ADNI3","114_S_6524","6524","","3/3","","","","","","","","","","","2020-05-05 14:20:06.0"
"ADNI3","067_S_6528","6528","","3/4","","","","","","","","","","","2023-11-11 04:20:41.0"
"ADNI3","035_S_6551","6551","","3/4","","","","","","","","","","","2023-11-11 04:20:41.0"
"ADNI3","941_S_6570","6570","","3/3","","","","","","","","","","","2020-05-05 14:20:06.0"
"ADNI3","941_S_6574","6574","","3/3","","","","","","","","","","","2020-05-05 14:20:06.0"
"ADNI3","032_S_6600","6600","","3/4","","","","","","","","","","","2023-11-11 04:20:41.0"
"ADNI3","032_S_6602","6602","","4/4","","","","","","","","","","","2020-05-05 14:20:06.0"
"ADNI3","082_S_6629","6629","","2/3","","","","","","","","","","","2023-11-11 04:20:41.0"
"ADNI3","002_S_6652","6652","","3/3","","","","","","","","","","","2020-05-05 14:20:06.0"
"ADNI3","006_S_6657","6657","","3/4","","","","","","","","","","","2020-05-05 14:20:06.0"
"ADNI3","023_S_6661","6661","","3/3","","","","","","","","","","","2020-05-05 14:20:06.0"
"ADNI3","019_S_6668","6668","","3/4","","","","","","","","","","","2023-11-11 04:20:41.0"
"ADNI3","006_S_6681","6681","","3/4","","","","","","","","","","","2020-05-05 14:20:06.0"
"ADNI3","006_S_6682","6682","","3/4","","","","","","","","","","","2020-05-05 14:20:06.0"
"ADNI3","130_S_6688","6688","","3/4","","","","","","","","","","","2020-05-05 14:20:06.0"
"ADNI3","006_S_6689","6689","","3/4","","","","","","","","","","","2020-05-05 14:20:06.0"
"ADNI3","082_S_6690","6690","","3/4","","","","","","","","","","","2020-05-05 14:20:06.0"
"ADNI3","033_S_6705","6705","","2/4","","","","","","","","","","","2020-05-05 14:20:06.0"
"ADNI3","016_S_6708","6708","","4/4","","","","","","","","","","","2020-05-05 14:20:06.0"
"ADNI3","100_S_6713","6713","","3/4","","","","","","","","","","","2020-05-05 14:20:06.0"
"ADNI3","041_S_6731","6731","","3/4","","","","","","","","","","","2020-05-05 14:20:06.0"
"ADNI3","168_S_6051","6051","","3/3","","","","","","","","","","","2021-04-27 18:23:53.0"
"ADNI3","016_S_6773","6773","","3/3","","","","","","","","","","","2021-04-27 18:23:54.0"
"ADNI3","022_S_6797","6797","","3/4","","","","","","","","","","","2021-04-27 18:23:54.0"
"ADNI3","131_S_6805","6805","","3/3","","","","","","","","","","","2021-04-27 18:23:54.0"
"ADNI3","305_S_6810","6810","","3/3","","","","","","","","","","","2021-04-27 18:23:54.0"
"ADNI3","114_S_6813","6813","","2/3","","","","","","","","","","","2021-04-27 18:23:54.0"
"ADNI3","022_S_6822","6822","","3/3","","","","","","","","","","","2021-04-27 18:23:54.0"
"ADNI3","123_S_6825","6825","","3/4","","","","","","","","","","","2021-04-27 18:23:54.0"
"ADNI3","016_S_6834","6834","","3/3","","","","","","","","","","","2021-04-27 18:23:54.0"
"ADNI3","016_S_6839","6839","","3/4","","","","","","","","","","","2021-04-27 18:23:54.0"
"ADNI3","168_S_6843","6843","","3/4","","","","","","","","","","","2021-04-27 18:23:54.0"
"ADNI3","305_S_6850","6850","","3/4","","","","","","","","","","","2021-04-27 18:23:54.0"
"ADNI3","305_S_6871","6871","","3/3","","","","","","","","","","","2021-04-27 18:23:54.0"
"ADNI3","036_S_6885","6885","","3/4","","","","","","","","","","","2021-04-27 18:23:54.0"
"ADNI3","036_S_6887","6887","","3/3","","","","","","","","","","","2021-04-27 18:23:54.0"
"ADNI3","941_S_6254","6254","","4/4","","","","","","","","","","","2023-11-11 04:22:45.0"
"ADNI3","067_S_6525","6525","","3/4","","","","","","","","","","","2023-11-11 04:22:45.0"
"ADNI3","011_S_6618","6618","","3/4","","","","","","","","","","","2023-11-11 04:22:45.0"
"ADNI3","073_S_6670","6670","","3/3","","","","","","","","","","","2023-11-11 04:22:45.0"
"ADNI3","032_S_6717","6717","","2/3","","","","","","","","","","","2023-11-11 04:22:45.0"
"ADNI3","305_S_6744","6744","","3/3","","","","","","","","","","","2023-11-11 04:22:45.0"
"ADNI3","116_S_6750","6750","","3/3","","","","","","","","","","","2023-11-11 04:22:45.0"
"ADNI3","153_S_6755","6755","","3/3","","","","","","","","","","","2023-11-11 04:22:45.0"
"ADNI3","301_S_6777","6777","","3/4","","","","","","","","","","","2023-11-11 04:22:45.0"
"ADNI3","027_S_6788","6788","","3/4","","","","","","","","","","","2023-11-11 04:22:45.0"
"ADNI3","022_S_6796","6796","","4/4","","","","","","","","","","","2023-11-11 04:22:45.0"
"ADNI3","016_S_6802","6802","","3/3","","","","","","","","","","","2023-11-11 04:22:45.0"
"ADNI3","137_S_6906","6906","","3/3","","","","","","","","","","","2023-11-11 04:22:45.0"
"ADNI3","073_S_6907","6907","","3/3","","","","","","","","","","","2023-11-11 04:22:45.0"
"ADNI3","036_S_6916","6916","","3/4","","","","","","","","","","","2023-11-11 04:22:45.0"
"ADNI3","073_S_6925","6925","","2/3","","","","","","","","","","","2023-11-11 04:22:45.0"
"ADNI3","035_S_6927","6927","","2/3","","","","","","","","","","","2023-11-11 04:22:45.0"
"ADNI3","073_S_6929","6929","","3/3","","","","","","","","","","","2023-11-11 04:22:45.0"
"ADNI3","014_S_6935","6935","","3/3","","","","","","","","","","","2023-11-11 04:22:45.0"
"ADNI3","073_S_6952","6952","","2/3","","","","","","","","","","","2023-11-11 04:22:45.0"
"ADNI3","941_S_6962","6962","","4/4","","","","","","","","","","","2023-11-11 04:22:45.0"
"ADNI3","141_S_6964","6964","","3/3","","","","","","","","","","","2023-11-11 04:22:45.0"
"ADNI3","033_S_6969","6969","","3/4","","","","","","","","","","","2023-11-11 04:22:45.0"
"ADNI3","037_S_6993","6993","","3/4","","","","","","","","","","","2023-11-11 04:22:45.0"
"ADNI3","019_S_7016","7016","","3/4","","","","","","","","","","","2023-11-11 04:22:45.0"
"ADNI3","033_S_7066","7066","","3/4","","","","","","","","","","","2023-11-11 04:22:45.0"